"code","outstanding"
"000001","19405572096.0"
"000002","9716935680.0"
"000004","126288096.0"
"000006","1349987456.0"
"000007","346448032.0"
"000008","2716233984.0"
"000009","2551430400.0"
"000010","525951360.0"
"000011","526475552.0"
"000012","1959267328.0"
"000014","242046224.0"
"000016","1596593792.0"
"000017","302984960.0"
"000019","416216416.0"
"000020","181165392.0"
"000021","1560423680.0"
"000025","392778304.0"
"000026","364769312.0"
"000027","4757389824.0"
"000028","478053696.0"
"000029","891660032.0"
"000030","1692411904.0"
"000031","4002887168.0"
"000032","644763840.0"
"000034","594368064.0"
"000035","2425794048.0"
"000036","1480828288.0"
"000037","338908160.0"
"000039","2301407232.0"
"000042","664131200.0"
"000045","457000864.0"
"000048","526759744.0"
"000049","384534848.0"
"000050","2457719040.0"
"000055","675854400.0"
"000056","903671552.0"
"000058","984711616.0"
"000059","1599442560.0"
"000060","3737314048.0"
"000061","1696932992.0"
"000062","1044929024.0"
"000063","4027373824.0"
"000065","973383360.0"
"000066","3225589760.0"
"000068","1006671488.0"
"000069","6898267136.0"
"000070","888594688.0"
"000078","2626441216.0"
"000088","2249135360.0"
"000089","2050742400.0"
"000090","1868459904.0"
"000096","510848000.0"
"000099","775770112.0"
"000100","18099621888.0"
"000151","307934688.0"
"000153","452943712.0"
"000155","1693522432.0"
"000156","1699875840.0"
"000157","7070417408.0"
"000158","1587803392.0"
"000159","480672864.0"
"000166","22535507968.0"
"000301","6608548352.0"
"000333","6890705920.0"
"000338","4976031232.0"
"000400","1008322048.0"
"000401","1591944704.0"
"000402","2988317440.0"
"000403","726940160.0"
"000404","693137792.0"
"000407","875761728.0"
"000408","1570209280.0"
"000409","423343232.0"
"000410","1680915968.0"
"000411","322687040.0"
"000415","5392955904.0"
"000417","779027456.0"
"000419","543582656.0"
"000420","2458028032.0"
"000421","574356928.0"
"000422","1057817216.0"
"000423","643976832.0"
"000425","8120092160.0"
"000426","1775205504.0"
"000428","1018926016.0"
"000429","1303329024.0"
"000430","331738816.0"
"000488","1675824512.0"
"000498","1457904128.0"
"000501","768293888.0"
"000503","955069248.0"
"000504","310668704.0"
"000505","622515392.0"
"000506","928670976.0"
"000507","902332160.0"
"000509","1073124800.0"
"000510","606664832.0"
"000513","584333056.0"
"000514","843770944.0"
"000516","2224164352.0"
"000517","2491986432.0"
"000518","1029535680.0"
"000519","1392558976.0"
"000520","1012083456.0"
"000521","875579776.0"
"000523","1325160192.0"
"000524","670000128.0"
"000525","990077568.0"
"000526","117798256.0"
"000528","2018438016.0"
"000529","569884352.0"
"000530","600038720.0"
"000531","909745472.0"
"000532","343549760.0"
"000533","684902400.0"
"000534","497140288.0"
"000536","2763082496.0"
"000537","2066602368.0"
"000538","1772695296.0"
"000539","2553896704.0"
"000541","1183737216.0"
"000543","2266863360.0"
"000544","974684480.0"
"000545","985403072.0"
"000546","696705216.0"
"000547","1588350720.0"
"000548","499184320.0"
"000550","518463168.0"
"000551","402632032.0"
"000552","3725778176.0"
"000553","2177071872.0"
"000554","362653184.0"
"000555","972187264.0"
"000557","1457916160.0"
"000558","1288684544.0"
"000559","3303778816.0"
"000560","2255272448.0"
"000561","602031680.0"
"000563","5113970176.0"
"000564","14715030528.0"
"000565","433592224.0"
"000566","1165909760.0"
"000567","1949930496.0"
"000568","1469345408.0"
"000570","555692480.0"
"000571","814000896.0"
"000572","1642253056.0"
"000573","632964800.0"
"000576","433852384.0"
"000581","824215872.0"
"000582","1761281024.0"
"000586","193440000.0"
"000589","1537838464.0"
"000590","239371424.0"
"000591","3602651904.0"
"000592","1915092480.0"
"000593","358483168.0"
"000595","1138656384.0"
"000596","408600000.0"
"000597","1406540032.0"
"000598","2974840832.0"
"000599","816745088.0"
"000600","1090050816.0"
"000601","1080460032.0"
"000603","666716352.0"
"000605","352658592.0"
"000607","885014144.0"
"000608","744759616.0"
"000609","291058272.0"
"000610","235504288.0"
"000612","1191420160.0"
"000615","762500288.0"
"000617","12642078720.0"
"000619","360000000.0"
"000620","4671726592.0"
"000623","1191079296.0"
"000625","8260727808.0"
"000626","506030112.0"
"000628","192082592.0"
"000629","9290600448.0"
"000630","10527676416.0"
"000631","2395279104.0"
"000632","465481600.0"
"000633","385103520.0"
"000635","303087616.0"
"000636","1157013120.0"
"000637","368014240.0"
"000638","310145600.0"
"000639","1079426304.0"
"000650","1331385856.0"
"000651","5514949632.0"
"000652","1474462336.0"
"000655","595340224.0"
"000656","5318280192.0"
"000657","1247309184.0"
"000659","1285702528.0"
"000661","399626816.0"
"000663","306301184.0"
"000665","1137110272.0"
"000668","146841888.0"
"000669","680408768.0"
"000670","722106688.0"
"000672","969395456.0"
"000676","1264528384.0"
"000677","863977920.0"
"000678","459611808.0"
"000679","356400000.0"
"000680","1307860864.0"
"000681","676093824.0"
"000682","1340594688.0"
"000683","3324816896.0"
"000685","1253962112.0"
"000686","2340452864.0"
"000688","1125392640.0"
"000690","2174471424.0"
"000691","323270016.0"
"000692","532832960.0"
"000695","221720368.0"
"000697","590896448.0"
"000698","785710464.0"
"000700","918015360.0"
"000701","667860544.0"
"000702","266634576.0"
"000703","3647353600.0"
"000705","281960736.0"
"000707","464145760.0"
"000708","5047157248.0"
"000709","10335412224.0"
"000710","326879296.0"
"000711","2285229312.0"
"000712","895734144.0"
"000713","614014976.0"
"000715","414641888.0"
"000716","710858112.0"
"000717","2423536128.0"
"000718","2282093056.0"
"000719","667147520.0"
"000720","1256531584.0"
"000721","512360320.0"
"000722","464158272.0"
"000723","4396235264.0"
"000725","36851556352.0"
"000726","588635392.0"
"000727","4529567232.0"
"000728","4363777024.0"
"000729","2509606656.0"
"000731","558829120.0"
"000733","553768256.0"
"000735","1150897536.0"
"000736","721266048.0"
"000737","1772269184.0"
"000738","1315152640.0"
"000739","1168888448.0"
"000750","5796204032.0"
"000751","1409868800.0"
"000752","263758496.0"
"000753","991481088.0"
"000755","1467310208.0"
"000756","455531936.0"
"000757","532714528.0"
"000758","1969313920.0"
"000759","655706048.0"
"000761","3708231936.0"
"000762","520800608.0"
"000766","966007680.0"
"000767","2912246528.0"
"000768","2772807680.0"
"000776","5904049152.0"
"000777","383410816.0"
"000778","3893624832.0"
"000779","464788896.0"
"000782","528139616.0"
"000783","5530073088.0"
"000785","5897944064.0"
"000786","1632447872.0"
"000788","595987456.0"
"000789","797407424.0"
"000790","622707584.0"
"000791","1600524800.0"
"000792","5291482624.0"
"000793","1961008640.0"
"000795","1133684096.0"
"000796","1330766848.0"
"000797","1570574080.0"
"000798","365828704.0"
"000799","324900480.0"
"000800","4622353408.0"
"000801","1022806656.0"
"000802","715465280.0"
"000803","458764224.0"
"000807","3467919360.0"
"000809","824791296.0"
"000810","1119083648.0"
"000811","745828480.0"
"000812","768160960.0"
"000813","2164600320.0"
"000815","695263040.0"
"000816","1436725504.0"
"000818","677367424.0"
"000819","348802720.0"
"000820","294031904.0"
"000821","604650752.0"
"000822","895091904.0"
"000823","536945600.0"
"000825","5696247808.0"
"000826","1425172992.0"
"000828","1039515648.0"
"000829","1024129664.0"
"000830","1904160512.0"
"000831","1061220800.0"
"000833","453702016.0"
"000837","1007403328.0"
"000838","1053765824.0"
"000839","3919826432.0"
"000848","1039518720.0"
"000850","943396864.0"
"000851","1132136832.0"
"000852","941001408.0"
"000856","227000000.0"
"000858","3881459456.0"
"000859","895854016.0"
"000860","741766976.0"
"000862","627967104.0"
"000863","1163615360.0"
"000868","733328448.0"
"000869","455094304.0"
"000875","2789966336.0"
"000876","4499677696.0"
"000877","1822140672.0"
"000878","2003588992.0"
"000880","162162000.0"
"000881","790344000.0"
"000882","2735351808.0"
"000883","6479756288.0"
"000885","642078272.0"
"000886","977836928.0"
"000887","1314370560.0"
"000888","526913088.0"
"000889","869849664.0"
"000890","419491040.0"
"000892","710836480.0"
"000893","811720064.0"
"000895","3464123648.0"
"000897","1617241600.0"
"000898","7957197824.0"
"000899","975677760.0"
"000900","1517760896.0"
"000901","798193408.0"
"000902","1142782336.0"
"000903","1920261632.0"
"000905","741808128.0"
"000906","700153280.0"
"000908","879774336.0"
"000909","437710560.0"
"000910","547116992.0"
"000911","400319808.0"
"000912","1568000000.0"
"000913","459744256.0"
"000915","234198832.0"
"000917","1417459328.0"
"000919","590359488.0"
"000920","421977504.0"
"000921","911831296.0"
"000922","587318784.0"
"000923","627895744.0"
"000925","675081600.0"
"000926","1573046144.0"
"000927","6050350592.0"
"000928","1434627072.0"
"000929","185754224.0"
"000930","1856231296.0"
"000931","746029504.0"
"000932","6908546560.0"
"000933","2243188992.0"
"000935","763440320.0"
"000936","885887360.0"
"000937","3433394176.0"
"000938","2860079872.0"
"000948","389526496.0"
"000949","1699846784.0"
"000950","1728184704.0"
"000951","1174869376.0"
"000952","343984800.0"
"000953","366122208.0"
"000955","538044800.0"
"000957","592903936.0"
"000958","5383395840.0"
"000959","6507263488.0"
"000960","1645801984.0"
"000962","495652096.0"
"000963","1751941248.0"
"000965","1109830912.0"
"000966","2749327616.0"
"000967","3165435648.0"
"000968","967502656.0"
"000969","1026000320.0"
"000970","1215725824.0"
"000972","771283584.0"
"000973","967423168.0"
"000975","2487099648.0"
"000977","1470420864.0"
"000978","360090240.0"
"000980","4991513600.0"
"000981","9513320448.0"
"000983","4640213504.0"
"000985","129639504.0"
"000987","5014588928.0"
"000988","1004985664.0"
"000989","694153344.0"
"000990","1215236608.0"
"000993","439747584.0"
"000995","177408000.0"
"000997","1026404416.0"
"000998","1315050496.0"
"000999","1275652096.0"
"001201","164525968.0"
"001202","90440648.0"
"001203","1315065216.0"
"001205","159418800.0"
"001206","106195464.0"
"001207","196453920.0"
"001208","270072736.0"
"001209","96094640.0"
"001210","79418800.0"
"001211","66996576.0"
"001212","103009088.0"
"001213","4444444672.0"
"001215","99124416.0"
"001216","251866704.0"
"001217","328582656.0"
"001218","74464032.0"
"001219","189921440.0"
"001222","78545224.0"
"001223","16680000.0"
"001225","21038772.0"
"001226","18666700.0"
"001227","4212765440.0"
"001228","54864608.0"
"001229","29405908.0"
"001230","54077712.0"
"001231","36124000.0"
"001234","106666704.0"
"001236","326435648.0"
"001238","31977124.0"
"001239","92400000.0"
"001255","20000000.0"
"001256","40942880.0"
"001258","468709408.0"
"001259","21928888.0"
"001260","31750000.0"
"001266","35271600.0"
"001267","564660032.0"
"001268","41672608.0"
"001269","83900720.0"
"001270","101391960.0"
"001277","19000000.0"
"001278","50534500.0"
"001279","36804536.0"
"001282","55832000.0"
"001283","57855720.0"
"001286","1050000000.0"
"001287","437394496.0"
"001288","82629512.0"
"001289","5041934336.0"
"001296","76851336.0"
"001298","106266144.0"
"001299","51265440.0"
"001300","66219088.0"
"001301","161052352.0"
"001306","15500000.0"
"001308","239647648.0"
"001309","87636152.0"
"001311","60625448.0"
"001313","699132672.0"
"001314","51749500.0"
"001316","27207250.0"
"001317","41985576.0"
"001318","77060000.0"
"001319","63464576.0"
"001322","165612800.0"
"001323","77935000.0"
"001324","81653600.0"
"001326","20724524.0"
"001328","43043500.0"
"001330","1055178112.0"
"001331","50400000.0"
"001332","27000000.0"
"001333","44000000.0"
"001335","0.0"
"001336","28557260.0"
"001337","288456000.0"
"001338","235954480.0"
"001339","73119312.0"
"001356","121470024.0"
"001358","46896968.0"
"001359","46380000.0"
"001360","81781144.0"
"001366","55680000.0"
"001367","26154672.0"
"001368","28000000.0"
"001373","33131732.0"
"001376","211316720.0"
"001378","65049972.0"
"001379","67300000.0"
"001380","59466152.0"
"001382","60139492.0"
"001387","113910336.0"
"001388","0.0"
"001389","38070000.0"
"001390","0.0"
"001391","838943936.0"
"001395","19290404.0"
"001400","0.0"
"001696","891339712.0"
"001872","1744703488.0"
"001896","1525781376.0"
"001914","1060342784.0"
"001965","6820337152.0"
"001979","8322528768.0"
"002001","3037011968.0"
"002003","1018265024.0"
"002004","1882228992.0"
"002005","1751993216.0"
"002006","455160000.0"
"002007","1573702912.0"
"002008","979316992.0"
"002009","353584992.0"
"002010","2780769536.0"
"002011","916311424.0"
"002012","466537632.0"
"002014","604336320.0"
"002015","1623324672.0"
"002016","809095616.0"
"002017","580085888.0"
"002019","841474048.0"
"002020","723968320.0"
"002021","1205372416.0"
"002022","514244992.0"
"002023","740860224.0"
"002024","9194047488.0"
"002025","452561024.0"
"002026","428165152.0"
"002027","14442200064.0"
"002028","605946048.0"
"002029","665405952.0"
"002030","1403446016.0"
"002031","1982248064.0"
"002032","800397248.0"
"002033","549480192.0"
"002034","431830208.0"
"002035","780523072.0"
"002036","1052909504.0"
"002037","483883552.0"
"002038","851538496.0"
"002039","427558112.0"
"002040","485940160.0"
"002041","880000000.0"
"002042","1700681344.0"
"002043","733474688.0"
"002044","3872448768.0"
"002045","561832896.0"
"002046","525869984.0"
"002047","1516171776.0"
"002048","709801408.0"
"002049","849423616.0"
"002050","3670449920.0"
"002051","1237288192.0"
"002052","723084544.0"
"002053","920700288.0"
"002054","384375680.0"
"002055","594867776.0"
"002056","1625058048.0"
"002057","750155584.0"
"002058","143035104.0"
"002059","1012434816.0"
"002060","1562814720.0"
"002061","2599137792.0"
"002062","989923264.0"
"002063","1711369216.0"
"002064","4951990784.0"
"002065","2907921664.0"
"002066","231000000.0"
"002067","1119948032.0"
"002068","734410816.0"
"002069","710216192.0"
"002072","314360864.0"
"002073","990873280.0"
"002074","1724102912.0"
"002075","2193821952.0"
"002076","1028940352.0"
"002077","580348544.0"
"002078","2764880896.0"
"002079","809254592.0"
"002080","1678123520.0"
"002081","2643791872.0"
"002082","558255936.0"
"002083","946263040.0"
"002084","641972352.0"
"002085","2123297536.0"
"002086","1517021312.0"
"002088","504790080.0"
"002090","396017504.0"
"002091","1595424768.0"
"002092","2575616768.0"
"002093","1006866240.0"
"002094","690453568.0"
"002095","251708416.0"
"002096","700943744.0"
"002097","1072676608.0"
"002098","357984992.0"
"002099","1615653504.0"
"002100","1365251456.0"
"002101","662197184.0"
"002102","2329848832.0"
"002103","377075200.0"
"002104","599033856.0"
"002105","364471968.0"
"002106","704134656.0"
"002107","569616640.0"
"002108","1648363648.0"
"002109","1276269824.0"
"002110","2429076224.0"
"002111","478191072.0"
"002112","262080000.0"
"002114","323390816.0"
"002115","752195520.0"
"002116","457173216.0"
"002117","523554688.0"
"002119","375284000.0"
"002120","2815123968.0"
"002121","1399922432.0"
"002122","1988452864.0"
"002123","687068928.0"
"002124","1972359168.0"
"002125","629481728.0"
"002126","784178560.0"
"002127","1981260032.0"
"002128","2241573376.0"
"002129","4040013824.0"
"002130","1249149056.0"
"002131","5849723904.0"
"002132","1399482112.0"
"002133","769870208.0"
"002134","245849760.0"
"002135","1043865984.0"
"002136","214455760.0"
"002137","396458944.0"
"002138","753391936.0"
"002139","1071089856.0"
"002140","543441472.0"
"002141","1031592896.0"
"002142","6524046336.0"
"002144","137644272.0"
"002145","3812619776.0"
"002146","3896521472.0"
"002148","449345728.0"
"002149","488139264.0"
"002150","358546560.0"
"002151","441645248.0"
"002152","2482133760.0"
"002153","1599763840.0"
"002154","1421495168.0"
"002155","1201931520.0"
"002156","1517452160.0"
"002157","7154522624.0"
"002158","533602144.0"
"002159","138461712.0"
"002160","793530304.0"
"002161","713459328.0"
"002162","920697024.0"
"002163","803548864.0"
"002164","479775232.0"
"002165","727629504.0"
"002166","447566336.0"
"002167","757783872.0"
"002168","784163392.0"
"002169","758673984.0"
"002170","710960832.0"
"002171","1499350144.0"
"002172","765272000.0"
"002173","416304448.0"
"002174","915370496.0"
"002175","1276780672.0"
"002176","1706019072.0"
"002177","669210112.0"
"002178","711783168.0"
"002179","2080708864.0"
"002180","1359873792.0"
"002181","1134520192.0"
"002182","865512448.0"
"002183","2596994048.0"
"002184","240371504.0"
"002185","3203739904.0"
"002186","306511328.0"
"002187","517110976.0"
"002188","257363008.0"
"002189","261159920.0"
"002190","358729344.0"
"002191","1440824576.0"
"002192","259120224.0"
"002193","261714048.0"
"002194","510894976.0"
"002195","5613048832.0"
"002196","488410400.0"
"002197","534000000.0"
"002198","507509856.0"
"002199","243442368.0"
"002200","184132896.0"
"002201","600177664.0"
"002202","3354825216.0"
"002203","1928190336.0"
"002204","1931369984.0"
"002205","185843232.0"
"002206","916174656.0"
"002207","260807520.0"
"002208","803084352.0"
"002209","155303760.0"
"002210","2656256768.0"
"002211","432475776.0"
"002212","1167376896.0"
"002213","206020800.0"
"002214","479018912.0"
"002215","779355520.0"
"002216","630256256.0"
"002217","5680364032.0"
"002218","1392398208.0"
"002219","3272043776.0"
"002221","1460889856.0"
"002222","468151712.0"
"002223","940158144.0"
"002224","806380352.0"
"002225","825557568.0"
"002226","2648881664.0"
"002227","245936768.0"
"002228","1191475968.0"
"002229","493164288.0"
"002230","2189120512.0"
"002231","294818752.0"
"002232","408548448.0"
"002233","1191484928.0"
"002234","301408640.0"
"002235","553578304.0"
"002236","2104202880.0"
"002237","910458816.0"
"002238","802559168.0"
"002239","3243153152.0"
"002240","866650048.0"
"002241","3079183872.0"
"002242","765705728.0"
"002243","1204142336.0"
"002244","2682353664.0"
"002245","1087261312.0"
"002246","549034816.0"
"002247","643540672.0"
"002248","307495616.0"
"002249","1821830272.0"
"002250","906534144.0"
"002251","1513383040.0"
"002252","6634489856.0"
"002253","207760224.0"
"002254","818440704.0"
"002255","637972224.0"
"002256","1433146368.0"
"002258","799150336.0"
"002259","752328256.0"
"002261","1127763840.0"
"002262","881792576.0"
"002263","1878345088.0"
"002264","654782784.0"
"002265","403097024.0"
"002266","4896801280.0"
"002267","1112075392.0"
"002268","845429888.0"
"002269","2512499968.0"
"002270","896211072.0"
"002271","1914729856.0"
"002272","386703360.0"
"002273","1357913472.0"
"002274","937849152.0"
"002275","559041344.0"
"002276","1005083328.0"
"002277","1394172800.0"
"002278","334206528.0"
"002279","789727360.0"
"002281","773038848.0"
"002282","502015136.0"
"002283","1003526400.0"
"002284","731214144.0"
"002285","1975791616.0"
"002286","369607776.0"
"002287","529957568.0"
"002289","279953728.0"
"002290","247249824.0"
"002291","877668992.0"
"002292","1017864256.0"
"002293","826608064.0"
"002294","1114565760.0"
"002295","250294000.0"
"002296","347415456.0"
"002297","573104832.0"
"002298","653665408.0"
"002299","1243331712.0"
"002300","722275072.0"
"002301","717990208.0"
"002302","1262354304.0"
"002303","952514240.0"
"002304","1506408960.0"
"002305","1734103296.0"
"002306","813960384.0"
"002307","1091030656.0"
"002309","1215621760.0"
"002310","4199093504.0"
"002311","1662521344.0"
"002312","1758722816.0"
"002313","374396160.0"
"002314","1338324096.0"
"002315","202103120.0"
"002316","315007488.0"
"002317","761617408.0"
"002318","954761920.0"
"002319","200000000.0"
"002320","2228933120.0"
"002321","2124212096.0"
"002322","365019680.0"
"002323","2120408064.0"
"002324","776275968.0"
"002326","804032960.0"
"002327","487794176.0"
"002328","570791872.0"
"002329","659061632.0"
"002330","635178688.0"
"002331","395836160.0"
"002332","984573696.0"
"002333","652563072.0"
"002334","718826112.0"
"002335","448493824.0"
"002337","587996544.0"
"002338","240000000.0"
"002339","478793600.0"
"002340","5084957184.0"
"002342","954689984.0"
"002343","474949696.0"
"002344","1281450112.0"
"002345","867004352.0"
"002346","393399968.0"
"002347","493382912.0"
"002348","903532224.0"
"002349","814180928.0"
"002350","529394624.0"
"002351","521044160.0"
"002352","4790219776.0"
"002353","693435392.0"
"002354","1618345984.0"
"002355","618166656.0"
"002356","1311254528.0"
"002357","313477792.0"
"002358","929755712.0"
"002360","327270912.0"
"002361","809123008.0"
"002362","207593936.0"
"002363","415758176.0"
"002364","558104448.0"
"002365","245560096.0"
"002366","1256464384.0"
"002367","526680480.0"
"002368","620216512.0"
"002369","565973376.0"
"002370","739627904.0"
"002371","533372032.0"
"002372","1470858112.0"
"002373","1377594112.0"
"002374","1085209344.0"
"002375","1326793728.0"
"002376","787464576.0"
"002377","871691072.0"
"002378","1195089536.0"
"002379","1136373760.0"
"002380","141751888.0"
"002381","322025920.0"
"002382","999697280.0"
"002383","740360320.0"
"002384","1386321664.0"
"002385","3524077824.0"
"002386","1301415424.0"
"002387","1394851328.0"
"002388","506528544.0"
"002389","990822144.0"
"002390","1852305024.0"
"002391","464120800.0"
"002392","835342656.0"
"002393","250324608.0"
"002394","323285600.0"
"002395","268208992.0"
"002396","583280256.0"
"002397","612637504.0"
"002398","579367936.0"
"002399","1247201664.0"
"002400","1726164608.0"
"002401","371363936.0"
"002402","801381248.0"
"002403","297161440.0"
"002404","455787104.0"
"002405","2355522816.0"
"002406","602212032.0"
"002407","1080550784.0"
"002408","2720595968.0"
"002409","318522752.0"
"002410","1588325376.0"
"002412","497844992.0"
"002413","1238501632.0"
"002414","3398612480.0"
"002415","9105670144.0"
"002416","1223904256.0"
"002418","1136396800.0"
"002419","1168684800.0"
"002420","394787744.0"
"002421","2006691712.0"
"002422","1305874688.0"
"002423","2304105472.0"
"002424","1213214464.0"
"002425","956060928.0"
"002426","3402599936.0"
"002427","984756864.0"
"002428","653035648.0"
"002429","4524333056.0"
"002430","977517120.0"
"002431","1812816256.0"
"002432","441691616.0"
"002434","1311336064.0"
"002436","1500423040.0"
"002437","2073374464.0"
"002438","468880672.0"
"002439","725269568.0"
"002440","946359424.0"
"002441","399079744.0"
"002442","488472704.0"
"002443","519426560.0"
"002444","1143168384.0"
"002445","2381441792.0"
"002446","847683328.0"
"002448","486876672.0"
"002449","618477184.0"
"002451","439148992.0"
"002452","515904800.0"
"002453","610878272.0"
"002454","626979200.0"
"002455","519230528.0"
"002456","3251120128.0"
"002457","333321664.0"
"002458","748868288.0"
"002459","3305420032.0"
"002460","1208721792.0"
"002461","2213328384.0"
"002462","291470432.0"
"002463","1917352448.0"
"002465","2431731456.0"
"002466","1476286976.0"
"002467","1363596672.0"
"002468","1492045696.0"
"002469","628894912.0"
"002470","3285749504.0"
"002471","1304996736.0"
"002472","752567424.0"
"002474","530546560.0"
"002475","7234251264.0"
"002476","611929920.0"
"002478","719589952.0"
"002479","863072832.0"
"002480","767716480.0"
"002481","1118152576.0"
"002482","3743709696.0"
"002483","885250816.0"
"002484","820472256.0"
"002485","544000000.0"
"002486","827248320.0"
"002487","630920256.0"
"002488","920083968.0"
"002489","1913028864.0"
"002490","541613632.0"
"002491","1176468864.0"
"002492","397834720.0"
"002493","9498280960.0"
"002494","286770432.0"
"002495","681224960.0"
"002496","1181386496.0"
"002497","1058551360.0"
"002498","3326796032.0"
"002500","3589771520.0"
"002501","3549999104.0"
"002506","5844437504.0"
"002507","1148914560.0"
"002508","933395008.0"
"002510","1004846976.0"
"002511","1265265920.0"
"002512","1033122688.0"
"002513","263856176.0"
"002514","554034240.0"
"002515","1160972672.0"
"002516","1454243712.0"
"002517","1890833664.0"
"002518","565197888.0"
"002519","1117885568.0"
"002520","717440192.0"
"002521","402829792.0"
"002522","905019904.0"
"002523","1411542656.0"
"002524","508299424.0"
"002526","1771084416.0"
"002527","529072832.0"
"002528","1049740608.0"
"002529","260000000.0"
"002530","695123328.0"
"002531","1786866176.0"
"002532","4130005504.0"
"002533","637645440.0"
"002534","730818496.0"
"002535","746338496.0"
"002536","536530976.0"
"002537","1174016768.0"
"002538","853550208.0"
"002539","883140032.0"
"002540","869241792.0"
"002541","496174272.0"
"002542","1548989312.0"
"002543","661611008.0"
"002544","678704640.0"
"002545","1130163712.0"
"002546","801232128.0"
"002547","1104807168.0"
"002548","804471488.0"
"002549","692359552.0"
"002550","957739584.0"
"002551","611017088.0"
"002552","320233792.0"
"002553","250800000.0"
"002554","1333470848.0"
"002555","1598967296.0"
"002556","935089344.0"
"002557","504773376.0"
"002558","1934750592.0"
"002559","500511360.0"
"002560","452936000.0"
"002561","414439552.0"
"002562","701528768.0"
"002563","2201694464.0"
"002564","858904448.0"
"002565","1059955200.0"
"002566","231790464.0"
"002567","1431514368.0"
"002568","717983744.0"
"002569","139956432.0"
"002570","1079995392.0"
"002571","298306176.0"
"002572","651462144.0"
"002573","1412994688.0"
"002574","528000000.0"
"002575","591118976.0"
"002576","162027568.0"
"002577","282864992.0"
"002578","861162560.0"
"002579","581524352.0"
"002580","452338816.0"
"002581","400791168.0"
"002582","344069024.0"
"002583","1282681088.0"
"002584","432494048.0"
"002585","892862848.0"
"002586","896920768.0"
"002587","515222976.0"
"002588","858597568.0"
"002589","1365591552.0"
"002590","494956864.0"
"002591","223512464.0"
"002592","262716368.0"
"002593","570441792.0"
"002594","1162413952.0"
"002595","794285568.0"
"002596","1146464896.0"
"002597","566964992.0"
"002598","282080768.0"
"002599","402913664.0"
"002600","6899683840.0"
"002601","1987815808.0"
"002602","6878708224.0"
"002603","1376849024.0"
"002605","333417056.0"
"002606","421142048.0"
"002607","5028744192.0"
"002608","3778079744.0"
"002609","459405600.0"
"002611","1002197696.0"
"002612","254739232.0"
"002613","608921920.0"
"002614","441013920.0"
"002615","306048192.0"
"002616","470287648.0"
"002617","1891453824.0"
"002620","315377344.0"
"002622","839975232.0"
"002623","198636128.0"
"002624","1827732992.0"
"002625","1777214464.0"
"002626","609844800.0"
"002627","717163968.0"
"002628","754054336.0"
"002629","355950432.0"
"002630","1063629824.0"
"002631","793572352.0"
"002632","580800000.0"
"002633","149418752.0"
"002634","446514528.0"
"002635","395397056.0"
"002636","724315392.0"
"002637","442723136.0"
"002638","1347057280.0"
"002639","650581824.0"
"002640","1397175040.0"
"002641","1133994624.0"
"002642","661580288.0"
"002643","909325568.0"
"002644","510656992.0"
"002645","512854944.0"
"002646","475929632.0"
"002647","677736000.0"
"002648","3366482432.0"
"002649","548644352.0"
"002650","1151962752.0"
"002651","565463616.0"
"002652","512064000.0"
"002653","535827072.0"
"002654","845242560.0"
"002655","359901088.0"
"002656","609457536.0"
"002657","336356256.0"
"002658","358657760.0"
"002659","598276608.0"
"002660","257084944.0"
"002661","314765632.0"
"002662","1499981056.0"
"002663","1396448128.0"
"002664","402165760.0"
"002666","500668192.0"
"002667","235666000.0"
"002668","1084111488.0"
"002669","301898336.0"
"002670","1623350656.0"
"002671","549580992.0"
"002672","905118272.0"
"002673","4109194496.0"
"002674","291578880.0"
"002675","743384000.0"
"002676","719968640.0"
"002677","529324352.0"
"002678","1357574400.0"
"002679","235756000.0"
"002681","1543434368.0"
"002682","562357376.0"
"002683","651179392.0"
"002685","1007512320.0"
"002686","522732608.0"
"002687","412829856.0"
"002688","745063872.0"
"002689","1042911552.0"
"002690","433776576.0"
"002691","335980320.0"
"002692","717864960.0"
"002693","411232096.0"
"002694","552909504.0"
"002695","466233696.0"
"002696","335474944.0"
"002697","1074439552.0"
"002698","841438080.0"
"002700","334735680.0"
"002701","2557405696.0"
"002702","458743744.0"
"002703","586048064.0"
"002705","808161408.0"
"002706","914690304.0"
"002707","825207232.0"
"002708","513995136.0"
"002709","1384904448.0"
"002712","540906048.0"
"002713","410353984.0"
"002714","3810722816.0"
"002715","138000000.0"
"002716","2210479104.0"
"002717","1600757120.0"
"002718","65207956.0"
"002719","161872288.0"
"002721","2659378688.0"
"002722","175502896.0"
"002723","317113376.0"
"002724","571765632.0"
"002725","211926448.0"
"002726","1077112832.0"
"002727","397312448.0"
"002728","376080864.0"
"002729","175463712.0"
"002730","346029888.0"
"002731","229656400.0"
"002732","156566176.0"
"002733","368862752.0"
"002734","326196768.0"
"002735","280595808.0"
"002736","9138841600.0"
"002737","583999616.0"
"002738","711228032.0"
"002739","2085385472.0"
"002741","361531232.0"
"002742","431858080.0"
"002743","434570976.0"
"002745","1064676032.0"
"002746","709676224.0"
"002747","782405184.0"
"002748","240000000.0"
"002749","422808192.0"
"002752","976768448.0"
"002753","242803840.0"
"002755","928151552.0"
"002756","388694080.0"
"002757","282053920.0"
"002758","517963840.0"
"002759","501072096.0"
"002760","107988704.0"
"002761","1081783552.0"
"002762","211378432.0"
"002763","303557952.0"
"002765","595910784.0"
"002766","850753152.0"
"002767","130182320.0"
"002768","176748128.0"
"002769","325997824.0"
"002771","174514656.0"
"002772","390135168.0"
"002773","685334848.0"
"002774","281771936.0"
"002775","438849600.0"
"002777","404511488.0"
"002778","123431288.0"
"002779","118434528.0"
"002780","130652736.0"
"002782","491078592.0"
"002783","441135328.0"
"002785","167813008.0"
"002786","494112000.0"
"002787","257211120.0"
"002788","381586240.0"
"002789","131479784.0"
"002790","260697504.0"
"002791","191276288.0"
"002792","313805664.0"
"002793","1085938944.0"
"002795","434772544.0"
"002796","226546480.0"
"002797","4202400000.0"
"002798","324475296.0"
"002799","320035808.0"
"002800","141654096.0"
"002801","115802704.0"
"002802","181942880.0"
"002803","288770176.0"
"002805","278815328.0"
"002806","157861520.0"
"002807","2457949696.0"
"002808","186861056.0"
"002809","137735152.0"
"002810","320010080.0"
"002811","281702048.0"
"002812","816996864.0"
"002813","119856072.0"
"002815","640648192.0"
"002816","100000000.0"
"002817","290039296.0"
"002818","298357184.0"
"002819","235337376.0"
"002820","200335584.0"
"002821","321358816.0"
"002822","562453696.0"
"002823","218697504.0"
"002824","189155984.0"
"002825","260271952.0"
"002826","172713728.0"
"002827","275998880.0"
"002828","193703504.0"
"002829","146062368.0"
"002830","66852500.0"
"002831","520993280.0"
"002832","389418272.0"
"002833","288558240.0"
"002835","127287448.0"
"002836","230400000.0"
"002837","647157952.0"
"002838","397238336.0"
"002839","2442993664.0"
"002840","497763776.0"
"002841","521353888.0"
"002842","250488000.0"
"002843","250792560.0"
"002845","250235344.0"
"002846","257018096.0"
"002847","244729008.0"
"002848","164257984.0"
"002849","189905440.0"
"002850","196801776.0"
"002851","456486016.0"
"002852","285818752.0"
"002853","132331616.0"
"002855","246227232.0"
"002856","120101656.0"
"002857","128000000.0"
"002858","146980944.0"
"002859","405585984.0"
"002860","343037760.0"
"002861","150168352.0"
"002862","90177080.0"
"002863","599483584.0"
"002864","73984576.0"
"002865","224865792.0"
"002866","181266512.0"
"002867","1089549184.0"
"002868","154037872.0"
"002869","159260256.0"
"002870","127923560.0"
"002871","120768576.0"
"002872","214918128.0"
"002873","238778880.0"
"002875","182420176.0"
"002876","148949408.0"
"002877","238546496.0"
"002878","234180768.0"
"002879","137884000.0"
"002880","226012992.0"
"002881","181059760.0"
"002882","246807152.0"
"002883","131424552.0"
"002884","273030112.0"
"002885","232495008.0"
"002886","209078160.0"
"002887","194600176.0"
"002888","76891288.0"
"002889","175148640.0"
"002890","161484208.0"
"002891","294868512.0"
"002892","396495840.0"
"002893","202778624.0"
"002895","536857376.0"
"002896","151171280.0"
"002897","179803440.0"
"002898","101262560.0"
"002899","147796976.0"
"002900","173080048.0"
"002901","288512768.0"
"002902","177573744.0"
"002903","104086424.0"
"002905","349440000.0"
"002906","524701088.0"
"002907","308888096.0"
"002908","311763488.0"
"002909","381003744.0"
"002910","171061952.0"
"002911","1256371840.0"
"002912","162222016.0"
"002913","265050768.0"
"002915","288306368.0"
"002916","511554336.0"
"002917","260500528.0"
"002918","219467888.0"
"002919","264388176.0"
"002920","553135808.0"
"002921","118108240.0"
"002922","369864608.0"
"002923","258084832.0"
"002925","736164480.0"
"002926","2624999936.0"
"002927","220642592.0"
"002928","1278241536.0"
"002929","210560736.0"
"002930","433018240.0"
"002931","200611568.0"
"002932","156085168.0"
"002933","114072544.0"
"002935","415090880.0"
"002936","6700715520.0"
"002937","296784960.0"
"002938","2305494016.0"
"002939","3487622912.0"
"002940","185275472.0"
"002941","645580992.0"
"002942","137208800.0"
"002943","131980584.0"
"002945","2700000000.0"
"002946","850705728.0"
"002947","192405616.0"
"002948","3112258816.0"
"002949","149975808.0"
"002950","451995200.0"
"002951","404998496.0"
"002952","132045032.0"
"002953","271637536.0"
"002955","187429792.0"
"002956","223224304.0"
"002957","410025376.0"
"002958","4939642880.0"
"002959","154380304.0"
"002960","618545792.0"
"002961","445035616.0"
"002962","209251104.0"
"002963","122994048.0"
"002965","153401232.0"
"002966","4388958720.0"
"002967","541010816.0"
"002968","213284336.0"
"002969","949775808.0"
"002970","119883496.0"
"002971","160148592.0"
"002972","133137216.0"
"002973","222898992.0"
"002975","100920992.0"
"002976","65216248.0"
"002977","66620168.0"
"002978","299000000.0"
"002979","217649408.0"
"002980","71833400.0"
"002981","119426312.0"
"002982","92768208.0"
"002983","128128472.0"
"002984","712222272.0"
"002985","198083168.0"
"002986","302247808.0"
"002987","602087424.0"
"002988","247883184.0"
"002989","182006432.0"
"002990","134095392.0"
"002991","49685532.0"
"002992","156893312.0"
"002993","237926496.0"
"002995","112417208.0"
"002996","416463744.0"
"002997","209321328.0"
"002998","243440432.0"
"002999","343596736.0"
"003000","304140448.0"
"003001","73410400.0"
"003002","182874496.0"
"003003","116103536.0"
"003004","65804288.0"
"003005","73821080.0"
"003006","428646400.0"
"003007","73894312.0"
"003008","77848328.0"
"003009","155392944.0"
"003010","120925856.0"
"003011","77696848.0"
"003012","1144884992.0"
"003013","399897568.0"
"003015","247401696.0"
"003016","418880352.0"
"003017","69158464.0"
"003018","132750272.0"
"003019","168485024.0"
"003020","138036912.0"
"003021","206197184.0"
"003022","1335568000.0"
"003023","105072344.0"
"003025","198749024.0"
"003026","96811528.0"
"003027","104860968.0"
"003028","53984656.0"
"003029","165622736.0"
"003030","80984728.0"
"003031","340156704.0"
"003032","274361376.0"
"003033","80688376.0"
"003035","3787878912.0"
"003036","216040864.0"
"003037","592074688.0"
"003038","169187904.0"
"003039","617518720.0"
"003040","456850272.0"
"003041","136823392.0"
"003042","126715160.0"
"003043","48706112.0"
"003816","39334985728.0"
"300001","1027946112.0"
"300002","1817911552.0"
"300003","1616098432.0"
"300004","479993600.0"
"300005","883314304.0"
"300006","1055820928.0"
"300007","282974464.0"
"300008","1647290112.0"
"300009","1221700224.0"
"300010","1663332608.0"
"300011","501628832.0"
"300012","1431769728.0"
"300013","446060864.0"
"300014","1861434624.0"
"300015","7930959360.0"
"300016","491177376.0"
"300017","2287416064.0"
"300018","381071552.0"
"300019","345292800.0"
"300020","766639616.0"
"300021","700551680.0"
"300022","494229440.0"
"300024","1533297920.0"
"300025","431773504.0"
"300026","2763423232.0"
"300027","2484878848.0"
"300029","200360256.0"
"300030","259924672.0"
"300031","348974944.0"
"300032","803167616.0"
"300033","275505568.0"
"300034","766356864.0"
"300035","583253376.0"
"300036","438477792.0"
"300037","546189056.0"
"300039","916926208.0"
"300040","476838528.0"
"300041","544427200.0"
"300042","200381552.0"
"300043","1243539456.0"
"300044","763757504.0"
"300045","516313184.0"
"300046","236531376.0"
"300047","549719040.0"
"300048","1115627008.0"
"300049","233515216.0"
"300050","544514560.0"
"300051","365667424.0"
"300052","261848704.0"
"300053","650818944.0"
"300054","728174464.0"
"300055","632701120.0"
"300056","385194496.0"
"300057","716852736.0"
"300058","2448096000.0"
"300059","13359279104.0"
"300061","620539712.0"
"300062","386111552.0"
"300063","625245888.0"
"300065","655846592.0"
"300066","1005910336.0"
"300067","937483712.0"
"300068","852385408.0"
"300069","117000000.0"
"300070","3434580992.0"
"300071","945350848.0"
"300072","2331360000.0"
"300073","505160672.0"
"300074","541925312.0"
"300075","514390720.0"
"300076","424000000.0"
"300077","567029888.0"
"300078","1113367168.0"
"300079","1281479680.0"
"300080","1870120704.0"
"300081","604703872.0"
"300082","678207744.0"
"300083","1493035264.0"
"300084","344597568.0"
"300085","634866368.0"
"300086","440682528.0"
"300087","893697280.0"
"300088","2485503744.0"
"300091","1413291264.0"
"300092","209866256.0"
"300093","215656800.0"
"300094","1105517440.0"
"300095","338727072.0"
"300096","429024864.0"
"300097","270009952.0"
"300098","1541743616.0"
"300099","581412224.0"
"300100","387062880.0"
"300101","566043392.0"
"300102","913963008.0"
"300103","317340608.0"
"300105","513213536.0"
"300106","211332304.0"
"300107","347041504.0"
"300109","448338528.0"
"300110","1181177600.0"
"300111","1287210752.0"
"300112","237642064.0"
"300113","524315808.0"
"300115","1351795456.0"
"300118","926826112.0"
"300119","334981184.0"
"300120","527447008.0"
"300121","432527200.0"
"300122","1414306304.0"
"300123","1000373824.0"
"300124","2386757120.0"
"300125","265442064.0"
"300126","210652704.0"
"300127","230816144.0"
"300128","1297716992.0"
"300129","664517248.0"
"300130","433814944.0"
"300131","1042267520.0"
"300132","508081280.0"
"300133","1623842048.0"
"300134","694057984.0"
"300135","921600000.0"
"300136","824567936.0"
"300137","526777632.0"
"300138","398313280.0"
"300139","233651728.0"
"300140","1020121280.0"
"300141","252669792.0"
"300142","1559410304.0"
"300143","641376704.0"
"300144","2355362560.0"
"300145","1903993344.0"
"300146","1129987072.0"
"300147","657459072.0"
"300148","801629312.0"
"300149","497083104.0"
"300150","514733952.0"
"300151","368696992.0"
"300152","712498496.0"
"300153","318330112.0"
"300154","315304448.0"
"300155","330709344.0"
"300157","703651584.0"
"300158","1002537152.0"
"300159","1471839232.0"
"300160","762359488.0"
"300161","194994896.0"
"300162","342161792.0"
"300163","425459040.0"
"300164","583210752.0"
"300165","420532096.0"
"300166","905777536.0"
"300167","354084992.0"
"300168","1439182592.0"
"300169","301735776.0"
"300170","947611072.0"
"300171","562657344.0"
"300172","523512384.0"
"300173","734725696.0"
"300174","362944384.0"
"300175","470800000.0"
"300176","387280800.0"
"300177","606303232.0"
"300179","375639776.0"
"300180","1485591168.0"
"300181","602910912.0"
"300182","2259558400.0"
"300183","406537120.0"
"300184","1048386688.0"
"300185","3646910720.0"
"300187","642201024.0"
"300188","757393344.0"
"300189","886247552.0"
"300190","776173632.0"
"300191","221195008.0"
"300192","323135840.0"
"300193","437060960.0"
"300194","967890816.0"
"300195","313912480.0"
"300196","246317328.0"
"300197","2965223168.0"
"300198","1024466432.0"
"300199","706283136.0"
"300200","423207200.0"
"300201","1005443136.0"
"300203","448368512.0"
"300204","471600768.0"
"300205","425991232.0"
"300206","338379552.0"
"300207","1711685248.0"
"300209","490018528.0"
"300210","483723008.0"
"300211","298481824.0"
"300212","698526592.0"
"300213","551163264.0"
"300214","403562336.0"
"300215","562175744.0"
"300217","1226951552.0"
"300218","216276400.0"
"300219","706635776.0"
"300220","151019344.0"
"300221","452499392.0"
"300222","633803520.0"
"300223","419590592.0"
"300224","832548352.0"
"300225","474107104.0"
"300226","306433216.0"
"300227","412585440.0"
"300228","549991296.0"
"300229","794701248.0"
"300230","629822528.0"
"300231","444244512.0"
"300232","886267392.0"
"300233","371704320.0"
"300234","343987040.0"
"300235","203132016.0"
"300236","278315968.0"
"300237","1441901440.0"
"300238","265134080.0"
"300239","589761792.0"
"300240","363378880.0"
"300241","571748352.0"
"300242","629576640.0"
"300243","194513200.0"
"300244","501459072.0"
"300245","311276448.0"
"300246","211296320.0"
"300247","803275328.0"
"300248","409154368.0"
"300249","373596928.0"
"300250","157674800.0"
"300251","2781305088.0"
"300252","529777696.0"
"300253","1911828480.0"
"300254","225021600.0"
"300255","916077696.0"
"300256","1643393408.0"
"300257","954556736.0"
"300258","498364448.0"
"300259","1169533184.0"
"300260","287636960.0"
"300261","937078656.0"
"300263","772512960.0"
"300264","370412288.0"
"300265","457995392.0"
"300266","1552914688.0"
"300267","1422391936.0"
"300268","133707504.0"
"300269","525675104.0"
"300270","256707904.0"
"300271","797242496.0"
"300272","431120448.0"
"300274","1590009856.0"
"300275","255508608.0"
"300276","1020769920.0"
"300277","334622304.0"
"300278","1417065216.0"
"300279","458835744.0"
"300281","397325920.0"
"300283","307522496.0"
"300284","1194447744.0"
"300285","803949824.0"
"300286","175712464.0"
"300287","1310750848.0"
"300288","256569392.0"
"300289","543156480.0"
"300290","639221952.0"
"300291","928978624.0"
"300292","1115944832.0"
"300293","280335904.0"
"300294","504248736.0"
"300295","167548624.0"
"300296","2274526976.0"
"300298","455298752.0"
"300299","688975616.0"
"300300","666797952.0"
"300301","789876736.0"
"300302","368888896.0"
"300303","1320652672.0"
"300304","855583360.0"
"300305","321474176.0"
"300306","157564944.0"
"300307","782211264.0"
"300308","1099248512.0"
"300310","691740416.0"
"300311","537409088.0"
"300313","197352784.0"
"300314","143741440.0"
"300315","2583024384.0"
"300316","1231555456.0"
"300317","828913408.0"
"300318","798539456.0"
"300319","829710016.0"
"300320","485787744.0"
"300321","88661200.0"
"300322","446139040.0"
"300323","879149888.0"
"300324","1709867008.0"
"300326","716588736.0"
"300327","340315168.0"
"300328","686368000.0"
"300329","252140432.0"
"300331","206176816.0"
"300332","829633728.0"
"300333","334780064.0"
"300334","302029760.0"
"300335","384161152.0"
"300337","711383936.0"
"300338","349386240.0"
"300339","777686656.0"
"300340","179348640.0"
"300341","515327648.0"
"300342","417748480.0"
"300343","1066219392.0"
"300344","639423424.0"
"300345","443350624.0"
"300346","547128512.0"
"300347","570136704.0"
"300348","708052416.0"
"300349","370225824.0"
"300350","471565408.0"
"300351","261882496.0"
"300352","1221943424.0"
"300353","522202560.0"
"300354","81200000.0"
"300355","1366065792.0"
"300357","484064192.0"
"300358","576186432.0"
"300359","633301696.0"
"300360","500194880.0"
"300363","500450528.0"
"300364","660425472.0"
"300365","474297632.0"
"300366","530502496.0"
"300368","528943488.0"
"300369","798227072.0"
"300370","1324847232.0"
"300371","135791584.0"
"300373","542147840.0"
"300374","203424400.0"
"300375","505118720.0"
"300376","2327435008.0"
"300377","668739776.0"
"300378","269380576.0"
"300379","526637568.0"
"300380","127373544.0"
"300381","489340768.0"
"300382","648204096.0"
"300383","1793742720.0"
"300384","220000208.0"
"300385","289493120.0"
"300386","248215152.0"
"300387","288956640.0"
"300388","680113728.0"
"300389","233181328.0"
"300390","672007872.0"
"300391","350336128.0"
"300393","954068480.0"
"300394","552759104.0"
"300395","513042976.0"
"300396","272451936.0"
"300397","405505408.0"
"300398","526997152.0"
"300399","197580720.0"
"300400","239977696.0"
"300401","534683264.0"
"300402","243618496.0"
"300403","422939520.0"
"300404","277949984.0"
"300405","218792848.0"
"300406","424327776.0"
"300407","244260080.0"
"300408","1869808000.0"
"300409","667606144.0"
"300410","366917312.0"
"300411","306400288.0"
"300412","467861632.0"
"300413","1021699968.0"
"300414","313539840.0"
"300415","453092128.0"
"300416","505143456.0"
"300417","86999736.0"
"300418","1231495040.0"
"300419","367753760.0"
"300420","1116296832.0"
"300421","230344064.0"
"300422","516540352.0"
"300423","333320832.0"
"300424","244957872.0"
"300425","678744768.0"
"300426","400000000.0"
"300427","494806944.0"
"300428","551409280.0"
"300429","398644704.0"
"300430","259862960.0"
"300432","1206572672.0"
"300433","4965696512.0"
"300434","342121088.0"
"300435","368814624.0"
"300436","136721968.0"
"300437","175810592.0"
"300438","404165952.0"
"300439","291725536.0"
"300440","442223552.0"
"300441","626959232.0"
"300442","554252416.0"
"300443","242774048.0"
"300444","592300864.0"
"300445","142064736.0"
"300446","311536416.0"
"300447","201331392.0"
"300448","493773888.0"
"300449","296267072.0"
"300450","1559421056.0"
"300451","1526693760.0"
"300452","186801504.0"
"300453","356520544.0"
"300454","278228416.0"
"300455","708622464.0"
"300456","593496576.0"
"300457","636717248.0"
"300458","517969568.0"
"300459","3280866048.0"
"300460","280804256.0"
"300461","114008768.0"
"300462","136734416.0"
"300463","491504832.0"
"300464","355342688.0"
"300465","443749344.0"
"300466","419986272.0"
"300467","168557280.0"
"300468","529794080.0"
"300469","248232560.0"
"300470","197309680.0"
"300471","366552000.0"
"300472","245836208.0"
"300473","150049984.0"
"300474","342474496.0"
"300475","440240768.0"
"300476","855208704.0"
"300477","935478080.0"
"300478","126673000.0"
"300479","196928368.0"
"300480","247741664.0"
"300481","293952256.0"
"300482","430398016.0"
"300483","268555392.0"
"300484","166352624.0"
"300485","273817184.0"
"300486","396081024.0"
"300487","306626816.0"
"300488","144153152.0"
"300489","137091120.0"
"300490","393260608.0"
"300491","155052704.0"
"300492","140486464.0"
"300493","500993056.0"
"300494","398348064.0"
"300496","367000544.0"
"300497","453139616.0"
"300498","5235376128.0"
"300499","271408416.0"
"300500","167597952.0"
"300501","125201176.0"
"300502","630195264.0"
"300503","239087296.0"
"300504","218011088.0"
"300505","217361216.0"
"300506","575725440.0"
"300507","771568768.0"
"300508","82983248.0"
"300509","247103520.0"
"300510","824690688.0"
"300511","470297280.0"
"300512","328539648.0"
"300513","281436800.0"
"300514","158413472.0"
"300515","180267264.0"
"300516","180000000.0"
"300517","124013000.0"
"300518","199387776.0"
"300519","114100000.0"
"300520","277372640.0"
"300521","143998736.0"
"300522","243846864.0"
"300523","232358464.0"
"300525","621323584.0"
"300527","986822592.0"
"300528","372608064.0"
"300529","512467200.0"
"300530","158274416.0"
"300531","315116032.0"
"300532","430919104.0"
"300533","164698368.0"
"300534","302040608.0"
"300535","76445048.0"
"300536","293253248.0"
"300537","143924992.0"
"300538","113141480.0"
"300539","171461952.0"
"300540","145130928.0"
"300541","358028256.0"
"300542","246385296.0"
"300543","243066800.0"
"300545","114186816.0"
"300546","133038320.0"
"300547","178223600.0"
"300548","266908384.0"
"300549","101054672.0"
"300550","262316368.0"
"300551","344762944.0"
"300552","133396224.0"
"300553","61410384.0"
"300554","79138720.0"
"300555","197822720.0"
"300556","105010184.0"
"300557","91497256.0"
"300558","417126560.0"
"300559","311136832.0"
"300560","186964784.0"
"300561","241057568.0"
"300562","161121280.0"
"300563","123875328.0"
"300564","113195352.0"
"300565","227608016.0"
"300566","226586608.0"
"300567","202183424.0"
"300568","1213832448.0"
"300569","1017644800.0"
"300570","192193024.0"
"300571","115603472.0"
"300572","183596560.0"
"300573","134607680.0"
"300575","342708224.0"
"300576","183056096.0"
"300577","140242320.0"
"300578","194094048.0"
"300579","262278592.0"
"300580","470813568.0"
"300581","550109568.0"
"300582","221589136.0"
"300583","186148928.0"
"300584","82115120.0"
"300585","171111104.0"
"300586","534516032.0"
"300587","1021234880.0"
"300588","176822032.0"
"300589","231607008.0"
"300590","354324608.0"
"300591","350664640.0"
"300592","324930144.0"
"300593","450263488.0"
"300594","90998128.0"
"300595","668494784.0"
"300596","224688512.0"
"300597","271372224.0"
"300598","216920976.0"
"300599","212190560.0"
"300600","246276832.0"
"300601","885831168.0"
"300602","391261344.0"
"300603","370470016.0"
"300604","486126112.0"
"300605","118924384.0"
"300606","119326432.0"
"300607","337689984.0"
"300608","287565984.0"
"300609","119893312.0"
"300610","161237568.0"
"300611","148302976.0"
"300612","179879488.0"
"300613","219024672.0"
"300614","160435440.0"
"300615","131849968.0"
"300616","155966240.0"
"300617","140591632.0"
"300618","271320768.0"
"300619","109979824.0"
"300620","246853488.0"
"300621","196092784.0"
"300622","116409848.0"
"300623","711987776.0"
"300624","171233216.0"
"300625","163124960.0"
"300626","177284592.0"
"300627","454259840.0"
"300628","723063488.0"
"300629","211619600.0"
"300631","119777208.0"
"300632","221209760.0"
"300633","432712416.0"
"300634","434680896.0"
"300635","119760032.0"
"300636","364418144.0"
"300637","234337728.0"
"300638","532926560.0"
"300639","635164352.0"
"300640","220749136.0"
"300641","532682336.0"
"300642","137706960.0"
"300643","230148032.0"
"300644","88301928.0"
"300645","142067920.0"
"300647","456642144.0"
"300648","106189440.0"
"300649","106116816.0"
"300650","152768656.0"
"300651","74975176.0"
"300652","92090712.0"
"300653","179999472.0"
"300654","352648288.0"
"300655","997560576.0"
"300656","132897888.0"
"300657","463302112.0"
"300658","225403040.0"
"300659","190332736.0"
"300660","319127552.0"
"300661","454044512.0"
"300662","196283584.0"
"300663","441582048.0"
"300664","752270336.0"
"300665","140189408.0"
"300666","220521120.0"
"300667","172648368.0"
"300668","92798064.0"
"300669","182087824.0"
"300670","224694224.0"
"300671","217136608.0"
"300672","210337664.0"
"300673","161990256.0"
"300674","703132992.0"
"300675","146666704.0"
"300676","413560032.0"
"300677","469111552.0"
"300678","285548928.0"
"300679","357753120.0"
"300680","172538544.0"
"300681","176379232.0"
"300682","1034069504.0"
"300683","122064640.0"
"300684","201008624.0"
"300685","389597376.0"
"300686","193670864.0"
"300687","325382336.0"
"300688","148294080.0"
"300689","101173176.0"
"300690","109480936.0"
"300691","210616640.0"
"300692","375333568.0"
"300693","265783584.0"
"300694","215316976.0"
"300695","70929872.0"
"300696","168705376.0"
"300697","254800000.0"
"300698","118545944.0"
"300699","821443072.0"
"300700","270540416.0"
"300701","244880304.0"
"300702","211164480.0"
"300703","169661584.0"
"300705","365999072.0"
"300706","113290752.0"
"300707","143281088.0"
"300708","503305728.0"
"300709","148763120.0"
"300710","80492688.0"
"300711","248426800.0"
"300712","186580464.0"
"300713","87043192.0"
"300715","334158880.0"
"300716","160020000.0"
"300717","101853400.0"
"300718","193864240.0"
"300719","179620128.0"
"300720","173302048.0"
"300721","136738496.0"
"300722","276756480.0"
"300723","417649888.0"
"300724","287148640.0"
"300725","168395408.0"
"300726","213283424.0"
"300727","121056664.0"
"300729","296681344.0"
"300730","196678144.0"
"300731","120158040.0"
"300732","323874656.0"
"300733","225517776.0"
"300735","757109504.0"
"300736","126976544.0"
"300737","886916160.0"
"300738","984841216.0"
"300739","340656448.0"
"300740","357350272.0"
"300741","615877120.0"
"300743","129517400.0"
"300745","141285216.0"
"300746","221884224.0"
"300747","505038368.0"
"300748","1134339968.0"
"300749","157394848.0"
"300750","3902556416.0"
"300751","192073408.0"
"300752","153979248.0"
"300753","82433552.0"
"300755","416427136.0"
"300756","131230352.0"
"300757","148171104.0"
"300758","354127264.0"
"300759","1419384576.0"
"300760","1212419200.0"
"300761","601261632.0"
"300762","627965760.0"
"300763","321509120.0"
"300765","1247072384.0"
"300766","355673024.0"
"300767","239697488.0"
"300768","420667712.0"
"300769","251753152.0"
"300770","229130912.0"
"300771","181199136.0"
"300772","694979392.0"
"300773","734335040.0"
"300774","194880448.0"
"300775","532196256.0"
"300776","167600112.0"
"300777","423742784.0"
"300778","203619488.0"
"300779","156543808.0"
"300780","104873448.0"
"300781","81104184.0"
"300782","447589344.0"
"300783","279596000.0"
"300784","14060000.0"
"300785","122239456.0"
"300786","146701440.0"
"300787","161502064.0"
"300788","190151520.0"
"300789","98821728.0"
"300790","297076288.0"
"300791","197704288.0"
"300792","212533680.0"
"300793","372065728.0"
"300795","134088624.0"
"300796","361142880.0"
"300797","375511456.0"
"300798","372772832.0"
"300800","234381504.0"
"300801","136879424.0"
"300802","194552336.0"
"300803","590739456.0"
"300804","27500000.0"
"300805","288162784.0"
"300806","316420672.0"
"300807","49053144.0"
"300808","105199440.0"
"300809","141112896.0"
"300810","113986704.0"
"300811","229228064.0"
"300812","92702304.0"
"300813","76046424.0"
"300814","189554128.0"
"300815","386838432.0"
"300816","45596548.0"
"300817","124208640.0"
"300818","109482416.0"
"300819","134762256.0"
"300820","111009744.0"
"300821","1199782016.0"
"300822","288982048.0"
"300823","84789424.0"
"300824","316045312.0"
"300825","484410208.0"
"300826","160929136.0"
"300827","263651760.0"
"300828","124744040.0"
"300829","132133440.0"
"300830","315569984.0"
"300831","184484240.0"
"300832","680207552.0"
"300833","81260072.0"
"300834","68885312.0"
"300835","81939816.0"
"300836","42710980.0"
"300837","70582672.0"
"300838","101754872.0"
"300839","239578176.0"
"300840","177085136.0"
"300841","120492848.0"
"300842","125125696.0"
"300843","155695840.0"
"300844","62375000.0"
"300845","102298672.0"
"300846","390257760.0"
"300847","296009984.0"
"300848","239423680.0"
"300849","121468024.0"
"300850","245445968.0"
"300851","53856236.0"
"300852","136886000.0"
"300853","110258360.0"
"300854","81300872.0"
"300855","292956128.0"
"300856","326109760.0"
"300857","244559904.0"
"300858","189553456.0"
"300859","155000000.0"
"300860","111897528.0"
"300861","241940048.0"
"300862","151471008.0"
"300863","129521856.0"
"300864","156488672.0"
"300865","67748048.0"
"300866","296401856.0"
"300867","191627824.0"
"300868","80188808.0"
"300869","253360992.0"
"300870","106406760.0"
"300871","171146880.0"
"300872","396816256.0"
"300873","169239680.0"
"300875","85639536.0"
"300876","68387280.0"
"300877","119998952.0"
"300878","144123952.0"
"300879","201028448.0"
"300880","195109536.0"
"300881","57406248.0"
"300882","266327024.0"
"300883","330674560.0"
"300884","191409888.0"
"300885","167017776.0"
"300886","43464048.0"
"300887","362197216.0"
"300888","175505680.0"
"300889","97262496.0"
"300890","108593232.0"
"300891","332421664.0"
"300892","64562500.0"
"300893","113133296.0"
"300894","294071808.0"
"300895","138172256.0"
"300896","208591568.0"
"300897","62942232.0"
"300898","114734688.0"
"300899","40936064.0"
"300900","219538096.0"
"300901","240000000.0"
"300902","121583248.0"
"300903","328250848.0"
"300904","21983232.0"
"300905","135673280.0"
"300906","71529376.0"
"300907","96000000.0"
"300908","123581552.0"
"300909","121293904.0"
"300910","204616848.0"
"300911","129815336.0"
"300912","85813472.0"
"300913","212179440.0"
"300915","40981800.0"
"300916","92337888.0"
"300917","169000000.0"
"300918","434705856.0"
"300919","909817792.0"
"300920","65672248.0"
"300921","79417104.0"
"300922","115083616.0"
"300923","76356000.0"
"300925","330578624.0"
"300926","283098944.0"
"300927","140888704.0"
"300928","53013104.0"
"300929","126747360.0"
"300930","47125000.0"
"300931","200443520.0"
"300932","162852720.0"
"300933","469659744.0"
"300935","60273656.0"
"300936","47460276.0"
"300937","62647348.0"
"300938","109359488.0"
"300939","120000000.0"
"300940","147447552.0"
"300941","118904576.0"
"300942","401317408.0"
"300943","134340288.0"
"300945","238332992.0"
"300946","56511000.0"
"300947","151088976.0"
"300948","130805712.0"
"300949","34301064.0"
"300950","89712896.0"
"300951","151093328.0"
"300952","90596640.0"
"300953","86306848.0"
"300955","58846340.0"
"300956","175376992.0"
"300957","423600000.0"
"300958","91049424.0"
"300959","52355220.0"
"300960","92974392.0"
"300961","151891184.0"
"300962","264001904.0"
"300963","200532000.0"
"300964","54060920.0"
"300965","16428750.0"
"300966","76664976.0"
"300967","124783360.0"
"300968","413380000.0"
"300969","21318208.0"
"300970","92729432.0"
"300971","65795532.0"
"300972","155728144.0"
"300973","113812496.0"
"300975","469158304.0"
"300976","61147532.0"
"300977","94731680.0"
"300978","188960080.0"
"300979","1166992384.0"
"300980","98341448.0"
"300981","357432064.0"
"300982","193883648.0"
"300983","118282464.0"
"300984","57485400.0"
"300985","186512480.0"
"300986","261914496.0"
"300987","173368000.0"
"300988","106591096.0"
"300989","150613168.0"
"300990","77383872.0"
"300991","89892000.0"
"300992","77533296.0"
"300993","241265696.0"
"300994","116664000.0"
"300995","59904780.0"
"300996","168828480.0"
"300997","386007264.0"
"300998","107680576.0"
"300999","542647104.0"
"301000","228551456.0"
"301001","50300000.0"
"301002","73054384.0"
"301003","76662672.0"
"301004","95698960.0"
"301005","132371784.0"
"301006","86086096.0"
"301007","149942832.0"
"301008","97466768.0"
"301009","130557704.0"
"301010","108000000.0"
"301011","138307488.0"
"301012","113825192.0"
"301013","189241632.0"
"301015","525551808.0"
"301016","147214400.0"
"301017","243352768.0"
"301018","198975408.0"
"301019","111465864.0"
"301020","146400000.0"
"301021","152124784.0"
"301022","52213400.0"
"301023","29827892.0"
"301024","60210000.0"
"301025","277150752.0"
"301026","79962208.0"
"301027","118153144.0"
"301028","246183872.0"
"301029","404228224.0"
"301030","160670608.0"
"301031","47668404.0"
"301032","159872768.0"
"301033","55977556.0"
"301035","280317696.0"
"301036","70434136.0"
"301037","67981496.0"
"301038","171600000.0"
"301039","1453680000.0"
"301040","94232280.0"
"301041","78920640.0"
"301042","68084824.0"
"301043","56750000.0"
"301045","67239056.0"
"301046","113163576.0"
"301047","119580624.0"
"301048","533333408.0"
"301049","42826360.0"
"301050","208091920.0"
"301051","134173304.0"
"301052","80195920.0"
"301053","75692760.0"
"301055","156000000.0"
"301056","175995824.0"
"301057","82699464.0"
"301058","512274240.0"
"301059","206737024.0"
"301060","355378880.0"
"301061","77071472.0"
"301062","311608800.0"
"301063","85246624.0"
"301065","86287504.0"
"301066","188786640.0"
"301067","63828900.0"
"301068","77736880.0"
"301069","391961152.0"
"301070","42501600.0"
"301071","194594160.0"
"301072","67139920.0"
"301073","178179504.0"
"301075","80000000.0"
"301076","69327024.0"
"301077","39094828.0"
"301078","1246037504.0"
"301079","68931824.0"
"301080","90586176.0"
"301081","199289328.0"
"301082","91463520.0"
"301083","85609920.0"
"301085","58911744.0"
"301086","32496750.0"
"301087","90574320.0"
"301088","57650000.0"
"301089","90976312.0"
"301090","625219200.0"
"301091","283920000.0"
"301092","42751884.0"
"301093","88291096.0"
"301095","107618960.0"
"301096","69430320.0"
"301097","18347368.0"
"301098","149685152.0"
"301099","70400288.0"
"301100","50000000.0"
"301101","190916848.0"
"301102","101500000.0"
"301103","83090128.0"
"301105","16437497.0"
"301106","29185334.0"
"301107","20835650.0"
"301108","34425832.0"
"301109","98650832.0"
"301110","48540332.0"
"301111","160000000.0"
"301112","36256908.0"
"301113","42280600.0"
"301115","105751912.0"
"301116","448977344.0"
"301117","56749920.0"
"301118","104321000.0"
"301119","84110000.0"
"301120","157489264.0"
"301121","36350032.0"
"301122","67338536.0"
"301123","92148800.0"
"301125","58972420.0"
"301126","137883264.0"
"301127","434260000.0"
"301128","28620180.0"
"301129","35905200.0"
"301130","58625632.0"
"301131","30797964.0"
"301132","46007128.0"
"301133","96340960.0"
"301135","49456700.0"
"301136","275204832.0"
"301137","101701800.0"
"301138","68560144.0"
"301139","67858472.0"
"301141","44512604.0"
"301148","38489080.0"
"301149","203643472.0"
"301150","92451800.0"
"301151","55736944.0"
"301152","70071256.0"
"301153","205868624.0"
"301155","121800016.0"
"301156","64375268.0"
"301157","20660056.0"
"301158","146520432.0"
"301159","42473872.0"
"301160","44178168.0"
"301161","53328000.0"
"301162","61854280.0"
"301163","33447420.0"
"301165","68181816.0"
"301166","41268868.0"
"301167","69530352.0"
"301168","49653000.0"
"301169","72018032.0"
"301170","33575424.0"
"301171","308775040.0"
"301172","70155200.0"
"301173","16861924.0"
"301175","621880000.0"
"301176","56355556.0"
"301177","40010000.0"
"301178","43598856.0"
"301179","86002904.0"
"301180","400009984.0"
"301181","39000000.0"
"301182","38251700.0"
"301183","46088000.0"
"301185","139780656.0"
"301186","74359304.0"
"301187","47874224.0"
"301188","232450592.0"
"301189","40887872.0"
"301190","71046896.0"
"301191","26197964.0"
"301192","47868752.0"
"301193","96249696.0"
"301195","49643488.0"
"301196","67267288.0"
"301197","81752000.0"
"301198","155554368.0"
"301199","46715000.0"
"301200","58403052.0"
"301201","87193824.0"
"301202","37180000.0"
"301203","43842500.0"
"301205","67958280.0"
"301206","107611200.0"
"301207","141648480.0"
"301208","49021560.0"
"301209","24500000.0"
"301210","30819006.0"
"301211","72000000.0"
"301212","27000000.0"
"301213","51711048.0"
"301215","1322400000.0"
"301216","284822752.0"
"301217","229015552.0"
"301218","70068832.0"
"301219","171929328.0"
"301220","47110000.0"
"301221","43648924.0"
"301222","29318400.0"
"301223","112015056.0"
"301225","30180000.0"
"301226","108800000.0"
"301227","33934924.0"
"301228","119754000.0"
"301229","77102160.0"
"301230","76860304.0"
"301231","53900000.0"
"301232","44667264.0"
"301233","18668550.0"
"301234","18412100.0"
"301235","50952000.0"
"301236","680315392.0"
"301237","39250000.0"
"301238","213333296.0"
"301239","70789464.0"
"301246","160946592.0"
"301248","102145872.0"
"301251","53926240.0"
"301252","32625000.0"
"301255","27200000.0"
"301256","480000000.0"
"301257","47512440.0"
"301258","33872000.0"
"301259","81369792.0"
"301260","212270864.0"
"301261","37483320.0"
"301262","122075392.0"
"301263","303586048.0"
"301265","169797152.0"
"301266","43365092.0"
"301267","328828864.0"
"301268","180392256.0"
"301269","262321440.0"
"301270","74061624.0"
"301272","31328500.0"
"301273","34627892.0"
"301275","31760754.0"
"301276","38402656.0"
"301277","72156000.0"
"301278","33810340.0"
"301279","28750000.0"
"301280","26581350.0"
"301281","68852000.0"
"301282","72136216.0"
"301283","45456180.0"
"301285","78709808.0"
"301286","39725000.0"
"301287","17031350.0"
"301288","47092924.0"
"301289","25349900.0"
"301290","68163776.0"
"301291","174771200.0"
"301292","85119952.0"
"301293","160945696.0"
"301295","29400000.0"
"301296","271679456.0"
"301297","138390000.0"
"301298","93862576.0"
"301299","35220688.0"
"301300","30577542.0"
"301301","615892352.0"
"301302","84240000.0"
"301303","101579752.0"
"301305","126121952.0"
"301306","39280000.0"
"301307","108991640.0"
"301308","115935592.0"
"301309","25000000.0"
"301310","49627760.0"
"301311","87242368.0"
"301312","25817366.0"
"301313","66696716.0"
"301314","16250000.0"
"301315","37000000.0"
"301316","242826496.0"
"301317","44800000.0"
"301318","58513648.0"
"301319","38307536.0"
"301320","67685376.0"
"301321","147586608.0"
"301322","93005808.0"
"301323","67007164.0"
"301325","57894700.0"
"301326","26875368.0"
"301327","34634168.0"
"301328","34133840.0"
"301329","59944000.0"
"301330","76620128.0"
"301331","33101704.0"
"301332","264897504.0"
"301333","57144312.0"
"301335","49875004.0"
"301336","25746624.0"
"301337","38823724.0"
"301338","34300000.0"
"301339","120043480.0"
"301345","28686740.0"
"301348","129282640.0"
"301349","42139252.0"
"301353","25000000.0"
"301355","100255424.0"
"301356","54810000.0"
"301357","23800000.0"
"301358","383433152.0"
"301359","26108180.0"
"301360","27800000.0"
"301361","29084000.0"
"301362","29670000.0"
"301363","112160000.0"
"301365","46350000.0"
"301366","54711032.0"
"301367","56524784.0"
"301368","64121440.0"
"301369","24262768.0"
"301370","323748576.0"
"301371","59440000.0"
"301372","41170444.0"
"301373","38472824.0"
"301376","192789392.0"
"301377","71024000.0"
"301378","43862108.0"
"301379","91225752.0"
"301380","30156896.0"
"301381","192299008.0"
"301382","136579520.0"
"301383","70257248.0"
"301386","42921004.0"
"301387","42400792.0"
"301388","27356588.0"
"301389","82077048.0"
"301390","29050730.0"
"301391","49316696.0"
"301392","22500000.0"
"301393","40359000.0"
"301395","115038000.0"
"301396","49810392.0"
"301397","54845264.0"
"301398","23900000.0"
"301399","37712816.0"
"301408","149171296.0"
"301413","52665264.0"
"301418","29436334.0"
"301419","33850000.0"
"301421","46308484.0"
"301428","61196668.0"
"301429","44041132.0"
"301439","183246928.0"
"301446","31772000.0"
"301448","47840000.0"
"301456","58741468.0"
"301458","61085044.0"
"301459","20000000.0"
"301468","76888728.0"
"301469","52045820.0"
"301479","14203437.0"
"301486","78905056.0"
"301487","272794016.0"
"301488","23411250.0"
"301489","34000464.0"
"301498","179021920.0"
"301499","34563716.0"
"301500","102893336.0"
"301501","24184382.0"
"301502","24306250.0"
"301503","32480000.0"
"301505","57817464.0"
"301507","110531856.0"
"301508","58836400.0"
"301509","56740928.0"
"301510","279159264.0"
"301511","374545536.0"
"301512","24813400.0"
"301515","63673800.0"
"301516","70175440.0"
"301517","42476700.0"
"301518","53455228.0"
"301519","78012496.0"
"301520","22422992.0"
"301522","70650512.0"
"301525","49401196.0"
"301526","1404392960.0"
"301528","31849956.0"
"301529","45238512.0"
"301533","28436700.0"
"301535","59901024.0"
"301536","186588368.0"
"301538","22292264.0"
"301539","37000000.0"
"301548","26234980.0"
"301550","67211504.0"
"301551","37882340.0"
"301552","14483334.0"
"301555","48347248.0"
"301556","18347682.0"
"301557","11080000.0"
"301558","219281856.0"
"301559","90000000.0"
"301560","0.0"
"301565","60010000.0"
"301566","211086768.0"
"301567","21239850.0"
"301568","47644020.0"
"301571","35885184.0"
"301577","18841156.0"
"301578","17823000.0"
"301580","19029382.0"
"301581","20000000.0"
"301585","18965756.0"
"301586","20743876.0"
"301587","30545772.0"
"301588","73359184.0"
"301589","34464960.0"
"301590","0.0"
"301591","33948724.0"
"301592","17500000.0"
"301595","0.0"
"301596","13779518.0"
"301598","14724306.0"
"301600","17550000.0"
"301601","29972106.0"
"301602","54776448.0"
"301603","24152000.0"
"301606","33201916.0"
"301607","23590596.0"
"301608","17802700.0"
"301611","60000000.0"
"301613","22736632.0"
"301616","20000000.0"
"301617","24373306.0"
"301618","16110000.0"
"301622","27488084.0"
"301626","21992304.0"
"301628","18844000.0"
"301629","10431819.0"
"301630","0.0"
"301631","13028302.0"
"301633","13920000.0"
"301636","0.0"
"301658","0.0"
"301662","15776325.0"
"301665","0.0"
"301678","0.0"
"302132","590760512.0"
"430017","121417904.0"
"430047","180106432.0"
"430090","135347392.0"
"430139","260631952.0"
"430198","70244376.0"
"430300","66531656.0"
"430418","129996928.0"
"430425","42295212.0"
"430476","62751704.0"
"430478","33718624.0"
"430510","94907080.0"
"430556","118165936.0"
"430564","33782456.0"
"430685","54791080.0"
"430718","41489068.0"
"600000","29352179712.0"
"600004","2366718208.0"
"600006","2000000000.0"
"600007","1007282560.0"
"600008","7340590592.0"
"600009","1918695936.0"
"600010","31380797440.0"
"600011","10997709824.0"
"600012","1165600000.0"
"600015","15387224064.0"
"600016","35462123520.0"
"600017","3075653888.0"
"600018","23214577664.0"
"600019","21782085632.0"
"600020","2247371776.0"
"600021","2617164288.0"
"600022","10698849280.0"
"600023","13408733184.0"
"600025","17999998976.0"
"600026","3474776320.0"
"600027","8510327296.0"
"600028","94841823232.0"
"600029","12673346560.0"
"600030","12176550912.0"
"600031","8464216064.0"
"600032","2404675328.0"
"600033","2744399872.0"
"600035","1610115840.0"
"600036","20628944896.0"
"600037","1391777920.0"
"600038","668935232.0"
"600039","6703639552.0"
"600048","11970443264.0"
"600050","30766825472.0"
"600051","310880000.0"
"600052","844194752.0"
"600053","433540800.0"
"600054","513300000.0"
"600055","703061056.0"
"600056","1495351424.0"
"600057","2192510208.0"
"600058","1071910720.0"
"600059","911542400.0"
"600060","1295094400.0"
"600061","6393981440.0"
"600062","1027219840.0"
"600063","1925894656.0"
"600064","1730339584.0"
"600066","2213939200.0"
"600067","1391668736.0"
"600071","281573888.0"
"600072","1083337344.0"
"600073","937729472.0"
"600075","1707362688.0"
"600076","1344543360.0"
"600078","662572864.0"
"600079","1543178752.0"
"600080","373270272.0"
"600081","553026176.0"
"600082","634335424.0"
"600084","1123726848.0"
"600085","1371470208.0"
"600088","397706400.0"
"600089","5052792320.0"
"600094","2222129920.0"
"600095","2859187712.0"
"600096","1834328704.0"
"600097","240936560.0"
"600098","3498749952.0"
"600099","219120000.0"
"600100","3350297600.0"
"600101","547862464.0"
"600103","2212328960.0"
"600104","11575299072.0"
"600105","1461994752.0"
"600106","1329025024.0"
"600107","360000000.0"
"600108","1946915072.0"
"600109","3199556864.0"
"600110","1735180928.0"
"600111","3615065856.0"
"600113","411431168.0"
"600114","616383488.0"
"600115","17114518528.0"
"600116","1912142848.0"
"600117","3255114752.0"
"600118","1182489088.0"
"600119","365270368.0"
"600120","3415381504.0"
"600121","1218412032.0"
"600123","1473240064.0"
"600125","1305521920.0"
"600126","3377189120.0"
"600127","641783232.0"
"600128","246767504.0"
"600129","556890752.0"
"600130","750000000.0"
"600131","1195905152.0"
"600132","483971200.0"
"600133","1066239872.0"
"600135","553307072.0"
"600136","1943089536.0"
"600137","97217584.0"
"600138","723840000.0"
"600141","1103255168.0"
"600143","2597225472.0"
"600148","141516448.0"
"600149","380160000.0"
"600150","4472428544.0"
"600151","1434252288.0"
"600152","529079360.0"
"600153","2899538432.0"
"600155","2224429824.0"
"600156","402110688.0"
"600157","22217764864.0"
"600158","959513088.0"
"600159","830003200.0"
"600160","2699746048.0"
"600161","1977371392.0"
"600162","3268438016.0"
"600163","1902996096.0"
"600165","684883776.0"
"600166","6488828928.0"
"600167","2262840576.0"
"600168","993397568.0"
"600169","3333141504.0"
"600170","8885940224.0"
"600171","708923328.0"
"600172","1276255744.0"
"600173","700416256.0"
"600176","4003136768.0"
"600177","4623441920.0"
"600178","466476160.0"
"600179","3744236544.0"
"600180","1086627456.0"
"600182","170000000.0"
"600183","2371339008.0"
"600184","508760832.0"
"600185","1885005824.0"
"600186","1786710400.0"
"600187","1613781120.0"
"600188","5923911168.0"
"600189","715197824.0"
"600190","1779484544.0"
"600191","484932000.0"
"600192","441748000.0"
"600193","425372992.0"
"600195","1021148288.0"
"600196","2118488832.0"
"600197","473174720.0"
"600198","1301949824.0"
"600199","657796800.0"
"600200","710879488.0"
"600201","1120369280.0"
"600202","383340672.0"
"600203","592988096.0"
"600206","846553344.0"
"600207","1089312512.0"
"600208","8507769344.0"
"600210","1516736128.0"
"600211","322319200.0"
"600212","514817216.0"
"600215","456882880.0"
"600216","961633472.0"
"600217","1657653632.0"
"600218","435599904.0"
"600219","11613670400.0"
"600221","32872677376.0"
"600222","573886272.0"
"600223","1016568768.0"
"600226","3059076608.0"
"600227","1277599744.0"
"600228","416669344.0"
"600229","671208000.0"
"600230","413961024.0"
"600231","2819185152.0"
"600232","364718528.0"
"600233","3446753536.0"
"600234","262520976.0"
"600235","351300000.0"
"600236","7882377728.0"
"600237","621676160.0"
"600238","445001568.0"
"600239","1605686912.0"
"600241","294302112.0"
"600243","438849984.0"
"600246","1943644032.0"
"600248","3680692224.0"
"600249","550000000.0"
"600250","310593888.0"
"600251","776993600.0"
"600252","3343256320.0"
"600255","1806146944.0"
"600256","6565755392.0"
"600257","481237184.0"
"600258","1116603136.0"
"600259","336435904.0"
"600261","1335052928.0"
"600262","170000000.0"
"600265","129800000.0"
"600266","2075743488.0"
"600267","1198188928.0"
"600268","1006073024.0"
"600269","2335407104.0"
"600271","1852884608.0"
"600272","160000000.0"
"600273","1391045248.0"
"600276","6379002368.0"
"600278","871915584.0"
"600279","1186866304.0"
"600280","1128334848.0"
"600281","514402016.0"
"600282","6165090816.0"
"600283","494194048.0"
"600284","970256000.0"
"600285","565865472.0"
"600287","436796064.0"
"600288","436800000.0"
"600289","565922688.0"
"600292","780816896.0"
"600293","1160145024.0"
"600295","1975576192.0"
"600298","854495872.0"
"600299","2681901312.0"
"600300","1617142144.0"
"600301","275335680.0"
"600302","346009792.0"
"600303","675604224.0"
"600305","1103026432.0"
"600307","6263357440.0"
"600308","1516870144.0"
"600309","3139746560.0"
"600310","1465710720.0"
"600312","1356921344.0"
"600313","1082198656.0"
"600315","672225984.0"
"600316","717114496.0"
"600318","512727616.0"
"600319","315593984.0"
"600320","3321997568.0"
"600322","1105699968.0"
"600323","815347136.0"
"600325","2571240704.0"
"600326","1322492288.0"
"600327","884779520.0"
"600328","1460776320.0"
"600329","567089344.0"
"600330","1233434368.0"
"600331","2032000000.0"
"600332","1405890944.0"
"600333","609030656.0"
"600335","1495788672.0"
"600336","798014784.0"
"600337","1436998144.0"
"600338","914210176.0"
"600339","5583147520.0"
"600340","3893355008.0"
"600343","638206336.0"
"600345","211559296.0"
"600346","7039099904.0"
"600348","3607500032.0"
"600350","4852081152.0"
"600351","700000064.0"
"600352","3253331968.0"
"600353","828811136.0"
"600354","527802080.0"
"600355","492089216.0"
"600356","298731392.0"
"600358","504936672.0"
"600359","381512832.0"
"600360","960295296.0"
"600361","1469261824.0"
"600362","2075247360.0"
"600363","453514464.0"
"600365","418720000.0"
"600366","1063042048.0"
"600367","321973184.0"
"600368","1609653888.0"
"600369","6315109376.0"
"600370","3896622080.0"
"600371","292577984.0"
"600372","4838896640.0"
"600373","1347358720.0"
"600375","1087685760.0"
"600376","2579565312.0"
"600377","3802182912.0"
"600378","911275072.0"
"600379","330201568.0"
"600380","1829453440.0"
"600381","587060736.0"
"600382","694408064.0"
"600383","4514583552.0"
"600386","806400000.0"
"600388","1270046336.0"
"600389","430649984.0"
"600390","4498065408.0"
"600391","330129376.0"
"600392","1752826624.0"
"600395","2146624896.0"
"600396","1472706816.0"
"600397","989959872.0"
"600398","4802770432.0"
"600399","1972099968.0"
"600400","2291371776.0"
"600403","2390812416.0"
"600405","553275456.0"
"600406","7996324864.0"
"600408","1006800000.0"
"600409","2064349440.0"
"600410","1096494720.0"
"600415","5482860544.0"
"600416","1325406464.0"
"600418","2184009728.0"
"600419","320190240.0"
"600420","1341172736.0"
"600421","195600000.0"
"600422","756975744.0"
"600423","798695040.0"
"600425","1378790144.0"
"600426","2115693312.0"
"600428","2146650752.0"
"600429","1497557376.0"
"600433","1750279296.0"
"600435","1508405248.0"
"600436","603317184.0"
"600438","4501985792.0"
"600439","1131985408.0"
"600444","146421936.0"
"600446","946275008.0"
"600448","629819648.0"
"600449","478181056.0"
"600452","1536541696.0"
"600455","62458000.0"
"600456","477777536.0"
"600458","802798144.0"
"600459","753839552.0"
"600460","1664071808.0"
"600461","1197674624.0"
"600463","300000000.0"
"600467","1460994304.0"
"600468","1087735296.0"
"600469","729450880.0"
"600470","521600000.0"
"600475","942406464.0"
"600476","161070000.0"
"600477","2368966144.0"
"600478","1665540864.0"
"600479","418507104.0"
"600480","925981120.0"
"600481","1873767808.0"
"600482","2252762880.0"
"600483","2780137728.0"
"600486","402868576.0"
"600487","2445181184.0"
"600488","1091886720.0"
"600489","4847312384.0"
"600490","1992621440.0"
"600491","1529757952.0"
"600493","272000000.0"
"600495","1208190848.0"
"600496","2012890112.0"
"600497","5091291648.0"
"600498","1166587648.0"
"600499","1917856384.0"
"600500","3586722816.0"
"600501","424598464.0"
"600502","1716533888.0"
"600503","1602290048.0"
"600505","364567488.0"
"600506","147706880.0"
"600507","2313187840.0"
"600508","722718016.0"
"600509","1374397440.0"
"600510","1032025472.0"
"600511","553346432.0"
"600512","1587405184.0"
"600513","285456256.0"
"600515","9176012800.0"
"600516","4025970432.0"
"600517","5718435840.0"
"600518","13612928000.0"
"600519","1256197760.0"
"600520","158430000.0"
"600521","1466755584.0"
"600522","3412949760.0"
"600523","404044608.0"
"600525","1318780160.0"
"600526","711626048.0"
"600527","1731760896.0"
"600528","2221551616.0"
"600529","663614144.0"
"600530","774920000.0"
"600531","1090255872.0"
"600533","1050000000.0"
"600535","1493949952.0"
"600536","843655872.0"
"600537","1183715072.0"
"600538","524198336.0"
"600539","230000000.0"
"600540","581376960.0"
"600543","321120000.0"
"600545","1787912192.0"
"600546","1982456192.0"
"600547","3614443264.0"
"600548","1433270272.0"
"600549","1418006528.0"
"600550","1841528448.0"
"600551","678055232.0"
"600552","944606912.0"
"600556","1807747584.0"
"600557","566158784.0"
"600558","897604800.0"
"600559","904271424.0"
"600560","223645504.0"
"600561","284476800.0"
"600562","1234031744.0"
"600563","225000000.0"
"600566","915748160.0"
"600567","5471330816.0"
"600568","1669067264.0"
"600569","2872421376.0"
"600570","1891767424.0"
"600571","457751712.0"
"600572","2577670144.0"
"600573","250000000.0"
"600575","3886260992.0"
"600576","660390080.0"
"600577","2149125120.0"
"600578","6694621184.0"
"600579","494712352.0"
"600580","1302622592.0"
"600581","1532897920.0"
"600582","4138588928.0"
"600583","4421355008.0"
"600584","1789414528.0"
"600585","3999702528.0"
"600586","1428770048.0"
"600587","604362048.0"
"600588","3416997376.0"
"600589","1478469888.0"
"600590","843569536.0"
"600592","399553568.0"
"600593","128800000.0"
"600594","791927424.0"
"600595","4007905024.0"
"600596","1292971904.0"
"600597","1378455424.0"
"600598","1777679872.0"
"600599","166000000.0"
"600600","709030912.0"
"600601","4170293248.0"
"600602","1074302976.0"
"600603","1193329152.0"
"600604","1407454848.0"
"600605","206282432.0"
"600606","14054218752.0"
"600608","318371456.0"
"600609","1304558592.0"
"600610","708726720.0"
"600611","1563316352.0"
"600612","317109632.0"
"600613","479319968.0"
"600615","187624512.0"
"600616","669004928.0"
"600617","1775542656.0"
"600618","749840000.0"
"600619","789174784.0"
"600620","686677120.0"
"600621","1060899264.0"
"600622","1499685376.0"
"600623","1866770304.0"
"600624","679346944.0"
"600626","1107978752.0"
"600628","646875392.0"
"600629","944658944.0"
"600630","424861600.0"
"600633","1268074496.0"
"600635","2418791680.0"
"600636","438636800.0"
"600637","3361899776.0"
"600638","673396800.0"
"600639","850236672.0"
"600640","795695936.0"
"600641","930629888.0"
"600642","4879040512.0"
"600643","1590351744.0"
"600644","538400640.0"
"600645","467770176.0"
"600648","934791616.0"
"600649","2529575680.0"
"600650","390560064.0"
"600651","2507027968.0"
"600653","1946380288.0"
"600654","2299769344.0"
"600655","3889846272.0"
"600657","2851878656.0"
"600658","1118585088.0"
"600660","2002986368.0"
"600661","286548832.0"
"600662","2269782784.0"
"600663","3155683584.0"
"600664","2518509824.0"
"600665","864122496.0"
"600666","2419752960.0"
"600667","2106190208.0"
"600668","344083840.0"
"600671","121720536.0"
"600673","3001558016.0"
"600674","4874606592.0"
"600675","6046135296.0"
"600676","1028492928.0"
"600678","348990016.0"
"600679","343694272.0"
"600681","1339808768.0"
"600682","1165060224.0"
"600683","740777600.0"
"600684","853460736.0"
"600685","821435200.0"
"600686","717047424.0"
"600688","7328813568.0"
"600689","152204144.0"
"600690","6254500864.0"
"600691","2375586048.0"
"600692","255010512.0"
"600693","868952768.0"
"600694","313052576.0"
"600696","334469440.0"
"600697","155376016.0"
"600698","830345280.0"
"600699","1368084608.0"
"600702","332618880.0"
"600703","4989018624.0"
"600704","5153701888.0"
"600706","254030192.0"
"600707","3587669760.0"
"600708","2225277696.0"
"600710","1306749440.0"
"600711","3090611456.0"
"600712","538648384.0"
"600713","1302910592.0"
"600714","288176288.0"
"600715","2662372352.0"
"600716","936060608.0"
"600717","2894001152.0"
"600718","1203703424.0"
"600719","404599616.0"
"600720","776162688.0"
"600721","384144320.0"
"600722","680319680.0"
"600724","1444942720.0"
"600725","1232470016.0"
"600726","2747344896.0"
"600727","528523136.0"
"600728","2142804224.0"
"600729","191212352.0"
"600730","586656000.0"
"600731","557982656.0"
"600732","1598447232.0"
"600733","4885096960.0"
"600734","2168428032.0"
"600735","425451840.0"
"600736","1151292928.0"
"600737","2138848256.0"
"600738","760666176.0"
"600739","1529709824.0"
"600740","2562121216.0"
"600741","3152723968.0"
"600742","743057856.0"
"600743","2346100992.0"
"600744","2031124224.0"
"600745","1244578176.0"
"600746","1166082304.0"
"600748","1844562944.0"
"600749","226965520.0"
"600750","627152448.0"
"600751","2573189120.0"
"600753","230307168.0"
"600754","908009792.0"
"600755","2132158464.0"
"600756","324098752.0"
"600757","1213497088.0"
"600758","1320743424.0"
"600759","4143685888.0"
"600760","2744736768.0"
"600761","890692736.0"
"600763","447289120.0"
"600764","710629376.0"
"600765","1470718208.0"
"600768","133747200.0"
"600769","374977216.0"
"600770","1300000000.0"
"600771","489491136.0"
"600773","951586880.0"
"600774","294842144.0"
"600775","671838528.0"
"600776","956000064.0"
"600777","6366152192.0"
"600778","311214880.0"
"600779","487503200.0"
"600780","1146502528.0"
"600782","3145652224.0"
"600783","744359296.0"
"600784","675652288.0"
"600785","225631280.0"
"600787","2170079488.0"
"600789","898669632.0"
"600790","1465790976.0"
"600791","452313696.0"
"600792","989923584.0"
"600793","176904000.0"
"600794","1212152192.0"
"600795","17835618304.0"
"600796","309477888.0"
"600797","1027526400.0"
"600798","1206534144.0"
"600800","1109730176.0"
"600801","1344275712.0"
"600802","458248384.0"
"600803","2840083712.0"
"600805","850275392.0"
"600807","787018496.0"
"600808","5967751168.0"
"600809","1219964160.0"
"600810","1005279744.0"
"600812","1715730432.0"
"600814","729492160.0"
"600815","1774094464.0"
"600816","5469137920.0"
"600817","527249344.0"
"600818","237957904.0"
"600819","747416064.0"
"600820","3144096000.0"
"600821","1997263488.0"
"600822","396147904.0"
"600824","1054027072.0"
"600825","1044887872.0"
"600826","735533568.0"
"600827","1604449920.0"
"600828","1731360128.0"
"600829","579888576.0"
"600830","454322752.0"
"600831","710947008.0"
"600833","223086352.0"
"600834","477381920.0"
"600835","806504320.0"
"600838","400881984.0"
"600839","4614958592.0"
"600841","1043024512.0"
"600843","469222720.0"
"600844","822730624.0"
"600845","2133440128.0"
"600846","624761536.0"
"600847","153287392.0"
"600848","2393912320.0"
"600850","613593536.0"
"600851","738206080.0"
"600853","1011441856.0"
"600854","519458528.0"
"600855","467639744.0"
"600857","224319920.0"
"600858","517548032.0"
"600859","1134946048.0"
"600860","435231424.0"
"600861","366574848.0"
"600862","1393049088.0"
"600863","6526887936.0"
"600864","2080570496.0"
"600865","376240320.0"
"600866","1109373952.0"
"600867","1958542848.0"
"600868","1898148736.0"
"600869","2219352832.0"
"600871","13569378304.0"
"600872","770987968.0"
"600873","2852788736.0"
"600874","1230418048.0"
"600875","2023579008.0"
"600876","395674976.0"
"600877","1184059520.0"
"600879","3299299328.0"
"600880","1093030144.0"
"600881","3248913664.0"
"600882","512053632.0"
"600883","236088000.0"
"600884","1757236480.0"
"600885","1042676352.0"
"600886","7454179840.0"
"600887","6334469632.0"
"600888","1376187648.0"
"600889","366346016.0"
"600892","559319552.0"
"600893","2665124864.0"
"600894","859946880.0"
"600895","1548689536.0"
"600897","416934016.0"
"600900","24007256064.0"
"600901","5789948416.0"
"600903","1150008320.0"
"600905","28587651072.0"
"600906","2124235008.0"
"600908","1999312640.0"
"600909","4678397952.0"
"600916","1680000000.0"
"600917","1561039744.0"
"600918","3972809728.0"
"600919","18351325184.0"
"600925","1606048640.0"
"600926","5808276480.0"
"600927","1455555584.0"
"600928","4423353856.0"
"600929","1636710400.0"
"600930","0.0"
"600933","977369088.0"
"600935","3507401728.0"
"600936","1671026176.0"
"600938","2841851904.0"
"600939","1901799424.0"
"600941","902767872.0"
"600955","550000000.0"
"600956","2348088576.0"
"600958","7434639360.0"
"600959","5000717824.0"
"600960","950515520.0"
"600961","751812416.0"
"600962","262210000.0"
"600963","1757567872.0"
"600965","818700928.0"
"600966","1336844288.0"
"600967","1698913408.0"
"600968","10165104640.0"
"600969","370050496.0"
"600970","2234148608.0"
"600971","1200004864.0"
"600973","1371366272.0"
"600975","1016956096.0"
"600976","153298592.0"
"600977","1867000064.0"
"600979","1232259840.0"
"600980","175677200.0"
"600981","2242433280.0"
"600982","1117627520.0"
"600983","766438976.0"
"600984","1257043968.0"
"600985","2693258752.0"
"600986","1487374080.0"
"600987","1020818880.0"
"600988","1663911424.0"
"600989","7333360128.0"
"600990","269012704.0"
"600992","245090000.0"
"600993","430307008.0"
"600995","1109101696.0"
"600996","1246799872.0"
"600997","1587799808.0"
"600998","5042470400.0"
"600999","7422005248.0"
"601000","5925928448.0"
"601001","1673699968.0"
"601002","954440704.0"
"601003","2562793216.0"
"601005","8313636352.0"
"601006","20147177472.0"
"601007","390000000.0"
"601008","1240637952.0"
"601009","9943883776.0"
"601010","1848000000.0"
"601011","1915664512.0"
"601012","7578042368.0"
"601015","2042497664.0"
"601016","5966842880.0"
"601018","15807417344.0"
"601019","2086899968.0"
"601020","819964672.0"
"601021","978333440.0"
"601022","248633328.0"
"601033","240000000.0"
"601038","731705280.0"
"601058","3288100352.0"
"601059","691600000.0"
"601061","501153856.0"
"601065","416256064.0"
"601066","6495670784.0"
"601068","2559590656.0"
"601069","683992768.0"
"601077","8837700608.0"
"601083","194120000.0"
"601086","666000000.0"
"601088","16491037696.0"
"601089","205346416.0"
"601096","1642976512.0"
"601098","1796000000.0"
"601099","6816316416.0"
"601100","1340820992.0"
"601101","1439997952.0"
"601106","6857782784.0"
"601107","2162739968.0"
"601108","4643760128.0"
"601111","11638109184.0"
"601113","1104152192.0"
"601116","547678400.0"
"601117","6069580800.0"
"601118","4279427840.0"
"601121","380000000.0"
"601126","818853696.0"
"601127","1509782144.0"
"601128","3014985984.0"
"601133","147500000.0"
"601136","481483808.0"
"601137","810720448.0"
"601138","19857577984.0"
"601139","2876740608.0"
"601155","2255622912.0"
"601156","944595584.0"
"601158","4800000000.0"
"601162","8665757696.0"
"601163","800000000.0"
"601166","20774311936.0"
"601168","2383000064.0"
"601169","21142984704.0"
"601177","400060000.0"
"601179","5125882368.0"
"601186","11503245312.0"
"601187","1284046080.0"
"601188","1315878528.0"
"601198","3232445440.0"
"601199","935210304.0"
"601200","1346230272.0"
"601208","896784640.0"
"601211","13466193920.0"
"601212","7404774400.0"
"601216","8438017536.0"
"601218","969033536.0"
"601222","2060169216.0"
"601225","9694999552.0"
"601226","1162223744.0"
"601228","7544531456.0"
"601229","14206705664.0"
"601231","2196199936.0"
"601233","2395898112.0"
"601236","4716787712.0"
"601238","7383697408.0"
"601279","1585785984.0"
"601288","319244206080.0"
"601298","5392074752.0"
"601311","1173146112.0"
"601318","10762657792.0"
"601319","35497754624.0"
"601326","4757558784.0"
"601328","39250862080.0"
"601330","989093120.0"
"601333","5652236800.0"
"601336","2085439360.0"
"601339","1499569024.0"
"601360","6999557632.0"
"601366","913932928.0"
"601368","882973056.0"
"601369","1691367296.0"
"601375","3447519744.0"
"601377","8635986944.0"
"601388","2201222656.0"
"601390","20474857472.0"
"601398","269612220416.0"
"601399","7213555712.0"
"601456","2389133056.0"
"601500","1576860672.0"
"601512","1498889984.0"
"601515","1874421888.0"
"601518","1890553216.0"
"601519","2003865600.0"
"601528","1705442176.0"
"601555","4968702976.0"
"601566","574637120.0"
"601567","1403005824.0"
"601568","3972222208.0"
"601577","4020683520.0"
"601579","479463424.0"
"601588","2660000000.0"
"601595","448200000.0"
"601598","5255917056.0"
"601599","1160542464.0"
"601600","13133539328.0"
"601601","6845041664.0"
"601606","724228416.0"
"601607","1936580736.0"
"601608","4550567936.0"
"601609","1485497984.0"
"601611","3011700224.0"
"601615","2271496704.0"
"601616","853675328.0"
"601618","17852618752.0"
"601619","2434362112.0"
"601628","20823529472.0"
"601633","6193874432.0"
"601636","2683517184.0"
"601658","67122397184.0"
"601665","4835027968.0"
"601666","2469353216.0"
"601668","41320390656.0"
"601669","13071525888.0"
"601677","1192492032.0"
"601678","2029836288.0"
"601686","1433560576.0"
"601688","7294330880.0"
"601689","1737835520.0"
"601696","2777999872.0"
"601698","4224385536.0"
"601699","2991409152.0"
"601700","1142246656.0"
"601702","998530624.0"
"601717","1542165760.0"
"601718","4391629312.0"
"601727","12655327232.0"
"601728","77629726720.0"
"601766","24327798784.0"
"601777","4521100288.0"
"601778","3570971904.0"
"601788","3906698752.0"
"601789","1086798592.0"
"601798","354528192.0"
"601799","285679424.0"
"601800","11747235840.0"
"601801","1957931264.0"
"601808","2960467968.0"
"601811","791903872.0"
"601816","49106485248.0"
"601818","46406815744.0"
"601825","9316583424.0"
"601827","1671933312.0"
"601828","3613446912.0"
"601838","4231058176.0"
"601857","161922072576.0"
"601858","790499968.0"
"601860","3551568128.0"
"601865","1900065152.0"
"601866","9899938816.0"
"601868","32428728320.0"
"601869","406338304.0"
"601872","8143806464.0"
"601877","2148968960.0"
"601878","4573796864.0"
"601880","18746759168.0"
"601881","7243417600.0"
"601882","522000000.0"
"601886","1133002112.0"
"601888","1952475520.0"
"601890","959400000.0"
"601898","9152000000.0"
"601899","20587937792.0"
"601900","895876544.0"
"601901","8232101376.0"
"601908","2414602752.0"
"601916","21544435712.0"
"601918","2590541824.0"
"601919","12761906176.0"
"601921","2222222336.0"
"601928","2544900096.0"
"601929","3489788160.0"
"601933","9075037184.0"
"601939","9593657344.0"
"601949","1903968000.0"
"601952","1378000000.0"
"601956","618628032.0"
"601958","3226604288.0"
"601963","1879392256.0"
"601965","993681984.0"
"601966","1463502720.0"
"601968","1133039232.0"
"601969","1978096000.0"
"601975","4801856000.0"
"601985","18883284992.0"
"601988","210765512704.0"
"601989","22802034688.0"
"601990","3659788800.0"
"601991","12396089344.0"
"601992","8334158336.0"
"601995","2923542528.0"
"601996","1120914432.0"
"601997","3656198144.0"
"601998","40762998784.0"
"601999","550914688.0"
"603000","1105691008.0"
"603001","400980000.0"
"603002","1102163584.0"
"603004","58880000.0"
"603005","652171712.0"
"603006","254254256.0"
"603007","499830784.0"
"603008","378991872.0"
"603009","338408960.0"
"603010","485272640.0"
"603011","494414432.0"
"603012","646499968.0"
"603013","512599264.0"
"603014","0.0"
"603015","404219008.0"
"603016","148160000.0"
"603017","275905792.0"
"603018","683793344.0"
"603019","1458611712.0"
"603020","383237760.0"
"603021","319948064.0"
"603022","200000000.0"
"603023","558117376.0"
"603025","1109174784.0"
"603026","202680000.0"
"603027","961242560.0"
"603028","287040000.0"
"603029","121342000.0"
"603030","1316933504.0"
"603031","211120000.0"
"603032","230118000.0"
"603033","1012531008.0"
"603035","380030944.0"
"603036","206006032.0"
"603037","190438832.0"
"603038","268677120.0"
"603039","260603072.0"
"603040","135063392.0"
"603041","183147696.0"
"603042","160589840.0"
"603043","568770816.0"
"603045","135445152.0"
"603048","146880000.0"
"603049","0.0"
"603050","403319200.0"
"603051","104261952.0"
"603052","40964000.0"
"603053","888889984.0"
"603055","885452608.0"
"603056","1019815360.0"
"603057","68061928.0"
"603058","417435840.0"
"603059","100448704.0"
"603060","803928576.0"
"603061","41826336.0"
"603062","33220800.0"
"603063","452735936.0"
"603065","196673456.0"
"603066","294180064.0"
"603067","509023808.0"
"603068","150424960.0"
"603069","316000000.0"
"603070","395416896.0"
"603071","557954432.0"
"603072","64745624.0"
"603073","50892848.0"
"603075","40010000.0"
"603076","120701344.0"
"603077","8831250432.0"
"603078","385637248.0"
"603079","171188960.0"
"603080","141500000.0"
"603081","433392864.0"
"603082","40556900.0"
"603083","265077216.0"
"603085","370225440.0"
"603086","434813152.0"
"603087","553917824.0"
"603088","435593088.0"
"603089","223738752.0"
"603090","100000000.0"
"603091","20447760.0"
"603093","610065920.0"
"603095","184800000.0"
"603096","154234624.0"
"603097","40000000.0"
"603098","538800000.0"
"603099","266670000.0"
"603100","510045568.0"
"603101","470400000.0"
"603102","35864456.0"
"603103","634200000.0"
"603105","500006432.0"
"603106","520520000.0"
"603107","218174000.0"
"603108","603650432.0"
"603109","208848352.0"
"603110","201226736.0"
"603111","845704704.0"
"603112","436300576.0"
"603113","847952256.0"
"603115","239200000.0"
"603116","576200832.0"
"603117","599197760.0"
"603118","787276416.0"
"603119","203879488.0"
"603120","0.0"
"603121","338533728.0"
"603122","398052640.0"
"603123","652275968.0"
"603124","28637506.0"
"603125","69803000.0"
"603126","610499968.0"
"603127","630482112.0"
"603128","1309046528.0"
"603129","152577664.0"
"603130","51063448.0"
"603131","317991072.0"
"603132","978000000.0"
"603135","252657152.0"
"603136","270126720.0"
"603137","73733336.0"
"603138","283116992.0"
"603139","99880000.0"
"603150","53516380.0"
"603151","80832000.0"
"603153","135000000.0"
"603155","315786816.0"
"603156","1260277504.0"
"603158","490799296.0"
"603159","140000000.0"
"603160","461944672.0"
"603161","188862592.0"
"603162","273075488.0"
"603163","35002752.0"
"603165","272612928.0"
"603166","639008640.0"
"603167","469144512.0"
"603168","322592512.0"
"603169","1306291840.0"
"603170","158810000.0"
"603171","405889984.0"
"603172","50080000.0"
"603173","49540000.0"
"603176","461786208.0"
"603177","204192000.0"
"603178","236411888.0"
"603179","487303808.0"
"603180","154257088.0"
"603181","588700032.0"
"603182","93078672.0"
"603183","497153248.0"
"603185","679022208.0"
"603186","142012032.0"
"603187","386416096.0"
"603188","570169984.0"
"603189","269548352.0"
"603190","40519480.0"
"603191","186125872.0"
"603192","138666672.0"
"603193","103336312.0"
"603194","49828436.0"
"603195","1286461696.0"
"603196","236988288.0"
"603197","213619840.0"
"603198","800000000.0"
"603199","110680000.0"
"603200","175480096.0"
"603201","64759336.0"
"603202","0.0"
"603203","249153312.0"
"603205","29398886.0"
"603206","87199984.0"
"603207","40000000.0"
"603208","177172672.0"
"603209","280000000.0"
"603210","0.0"
"603211","67952000.0"
"603212","437490624.0"
"603213","434805664.0"
"603214","138540032.0"
"603215","187228384.0"
"603216","56690000.0"
"603217","208087600.0"
"603218","1026856512.0"
"603219","561400000.0"
"603220","434244128.0"
"603221","240000000.0"
"603222","525090624.0"
"603223","553190400.0"
"603225","1511771392.0"
"603226","355491776.0"
"603227","974075456.0"
"603228","921002624.0"
"603229","830297152.0"
"603230","353523008.0"
"603231","106265984.0"
"603232","231300688.0"
"603233","1138847872.0"
"603235","147065200.0"
"603236","261657648.0"
"603237","121875640.0"
"603238","177508992.0"
"603239","270720000.0"
"603255","60675248.0"
"603256","879727488.0"
"603257","0.0"
"603258","240642352.0"
"603259","2500916480.0"
"603260","1182206976.0"
"603261","77505024.0"
"603266","198886752.0"
"603267","231080896.0"
"603268","124168800.0"
"603269","220536976.0"
"603270","70716704.0"
"603271","38570372.0"
"603272","42502000.0"
"603273","56058400.0"
"603275","42192464.0"
"603276","77649496.0"
"603277","420514496.0"
"603278","341759392.0"
"603279","572047360.0"
"603280","27941668.0"
"603281","251693920.0"
"603282","62809760.0"
"603283","195001648.0"
"603285","40000000.0"
"603286","114303928.0"
"603288","5560600576.0"
"603289","293362496.0"
"603290","239473472.0"
"603291","129943080.0"
"603296","570476800.0"
"603297","110729104.0"
"603298","1309812096.0"
"603299","774055488.0"
"603300","1990240768.0"
"603301","266451200.0"
"603303","476944576.0"
"603305","953312384.0"
"603306","329060192.0"
"603307","17000000.0"
"603308","679036416.0"
"603309","291871424.0"
"603310","69072000.0"
"603311","235883904.0"
"603312","52520000.0"
"603313","570586880.0"
"603315","313726272.0"
"603316","264264000.0"
"603317","1064996288.0"
"603318","383544576.0"
"603319","239508896.0"
"603320","149146208.0"
"603321","302515008.0"
"603322","157586800.0"
"603323","1835037696.0"
"603324","149074064.0"
"603325","27996000.0"
"603326","319176928.0"
"603327","768077952.0"
"603328","998442624.0"
"603329","158756192.0"
"603330","406713216.0"
"603331","202175632.0"
"603332","216347184.0"
"603333","621527616.0"
"603335","428144608.0"
"603336","570388352.0"
"603337","472975776.0"
"603338","506347872.0"
"603339","309441184.0"
"603341","266212832.0"
"603344","54030980.0"
"603345","293294240.0"
"603348","314477184.0"
"603350","29000000.0"
"603351","135439136.0"
"603353","170418000.0"
"603355","571139264.0"
"603356","133340000.0"
"603357","550589248.0"
"603358","439040000.0"
"603359","446096000.0"
"603360","504445472.0"
"603363","1467762944.0"
"603365","258063504.0"
"603366","813048128.0"
"603367","452754144.0"
"603368","397168800.0"
"603369","1246800000.0"
"603373","45430108.0"
"603375","54189616.0"
"603377","714867200.0"
"603378","428596640.0"
"603379","610479040.0"
"603380","160441200.0"
"603381","53382688.0"
"603382","0.0"
"603383","204498016.0"
"603385","380664960.0"
"603386","326322560.0"
"603387","507153504.0"
"603388","325733568.0"
"603389","262752000.0"
"603390","349755264.0"
"603391","22750000.0"
"603392","1265122816.0"
"603393","422521344.0"
"603395","40349564.0"
"603396","138527472.0"
"603398","433641536.0"
"603399","512290656.0"
"603400","0.0"
"603408","447572992.0"
"603409","30875896.0"
"603416","139504992.0"
"603421","652190528.0"
"603429","524485472.0"
"603439","403840224.0"
"603444","72041104.0"
"603456","895235840.0"
"603458","306124512.0"
"603466","594785728.0"
"603477","510070304.0"
"603486","569201792.0"
"603488","291990432.0"
"603489","235013008.0"
"603496","320209248.0"
"603499","216138848.0"
"603500","340796320.0"
"603501","1216948224.0"
"603505","604772224.0"
"603506","187777776.0"
"603507","184301312.0"
"603508","381274368.0"
"603511","401887296.0"
"603515","735029312.0"
"603516","201841776.0"
"603517","606001920.0"
"603518","344812448.0"
"603519","266327840.0"
"603520","438409888.0"
"603527","316971200.0"
"603528","705930112.0"
"603529","842766784.0"
"603530","427464768.0"
"603533","438896832.0"
"603535","322762976.0"
"603536","240532256.0"
"603538","213314768.0"
"603551","388899008.0"
"603556","486264160.0"
"603557","623436864.0"
"603558","353183136.0"
"603559","401276992.0"
"603565","2100063104.0"
"603566","346062272.0"
"603567","939540544.0"
"603568","1698390144.0"
"603569","603507264.0"
"603577","339139104.0"
"603578","180357024.0"
"603579","177396528.0"
"603580","130673200.0"
"603583","382246944.0"
"603585","180003392.0"
"603586","196052784.0"
"603587","474092800.0"
"603588","1523234432.0"
"603589","598119488.0"
"603590","157237472.0"
"603595","232442320.0"
"603596","606297344.0"
"603598","267862896.0"
"603599","910269376.0"
"603600","300818048.0"
"603601","1021651584.0"
"603602","229248288.0"
"603605","395405088.0"
"603606","687715392.0"
"603607","178516800.0"
"603608","419715456.0"
"603609","919434432.0"
"603610","358489248.0"
"603611","257600784.0"
"603612","498104448.0"
"603613","720537792.0"
"603615","241820000.0"
"603616","381368000.0"
"603617","380081344.0"
"603618","691375616.0"
"603619","462338464.0"
"603626","554879680.0"
"603628","272168384.0"
"603629","254800000.0"
"603630","225204576.0"
"603633","426810816.0"
"603636","580360512.0"
"603637","238685872.0"
"603638","831088320.0"
"603639","339878336.0"
"603648","362412800.0"
"603650","595652032.0"
"603655","106000000.0"
"603656","183375360.0"
"603657","135190048.0"
"603658","571424768.0"
"603659","2136399104.0"
"603660","532432224.0"
"603661","139067024.0"
"603662","280829856.0"
"603663","422819744.0"
"603665","160167712.0"
"603666","206490816.0"
"603667","366202784.0"
"603668","502335744.0"
"603669","721244736.0"
"603676","435161504.0"
"603677","192600864.0"
"603678","461945472.0"
"603679","164581664.0"
"603680","783718784.0"
"603681","191131008.0"
"603682","472500000.0"
"603683","258791296.0"
"603685","169007952.0"
"603686","415430400.0"
"603687","550031872.0"
"603688","541678272.0"
"603689","485298688.0"
"603690","382964256.0"
"603693","891475904.0"
"603696","235200000.0"
"603697","427692096.0"
"603698","535990016.0"
"603699","754689920.0"
"603700","203242000.0"
"603701","261361904.0"
"603703","414982112.0"
"603706","189382720.0"
"603707","1615634944.0"
"603708","638338688.0"
"603709","124800000.0"
"603711","412684512.0"
"603712","772000000.0"
"603713","158127152.0"
"603716","191016656.0"
"603717","290146240.0"
"603718","648979712.0"
"603719","401000000.0"
"603721","130000000.0"
"603722","87937504.0"
"603725","286657664.0"
"603726","184001200.0"
"603727","281719264.0"
"603728","418882496.0"
"603729","93338000.0"
"603730","1652756480.0"
"603733","705976128.0"
"603737","527012480.0"
"603738","389322784.0"
"603739","253028864.0"
"603755","98613680.0"
"603757","164746912.0"
"603758","438797056.0"
"603759","461760000.0"
"603766","2053541888.0"
"603767","308631488.0"
"603768","237955856.0"
"603773","204062080.0"
"603776","240601184.0"
"603777","336559904.0"
"603778","642857152.0"
"603779","332082752.0"
"603786","402388096.0"
"603787","230143792.0"
"603788","223065072.0"
"603789","260000000.0"
"603790","191360000.0"
"603797","584490560.0"
"603798","256449648.0"
"603799","1686354432.0"
"603800","208000000.0"
"603801","434349952.0"
"603803","424883552.0"
"603806","2608736512.0"
"603808","369092864.0"
"603809","641200512.0"
"603810","165245920.0"
"603811","327304320.0"
"603813","89942000.0"
"603815","618924224.0"
"603816","812166208.0"
"603817","565776128.0"
"603818","686543872.0"
"603819","217730192.0"
"603822","76825888.0"
"603823","411031488.0"
"603825","253336544.0"
"603826","655200000.0"
"603828","595939648.0"
"603829","160000000.0"
"603833","609152512.0"
"603836","205235232.0"
"603838","320016000.0"
"603839","399212160.0"
"603843","699623232.0"
"603848","402406496.0"
"603855","333553984.0"
"603856","256414592.0"
"603858","1106042624.0"
"603859","244697696.0"
"603860","66680000.0"
"603861","480618464.0"
"603863","204650000.0"
"603866","1599719168.0"
"603867","192773984.0"
"603868","435600000.0"
"603869","504500512.0"
"603871","977149056.0"
"603876","917781568.0"
"603877","469323232.0"
"603878","561069184.0"
"603879","359344448.0"
"603880","289041984.0"
"603881","598647488.0"
"603882","460134592.0"
"603883","758890240.0"
"603885","2199005184.0"
"603886","240000000.0"
"603887","595279424.0"
"603888","519029376.0"
"603889","720658752.0"
"603890","439065664.0"
"603893","418696192.0"
"603895","108080000.0"
"603896","198243856.0"
"603897","206435680.0"
"603898","311284544.0"
"603899","923828416.0"
"603900","340473856.0"
"603901","483841600.0"
"603903","255319488.0"
"603906","565078912.0"
"603908","93366000.0"
"603909","260673136.0"
"603912","541807808.0"
"603915","656632448.0"
"603916","420314112.0"
"603917","203840000.0"
"603918","366228640.0"
"603919","507260000.0"
"603920","720370880.0"
"603922","179200000.0"
"603926","229532528.0"
"603927","831040000.0"
"603928","262080000.0"
"603929","213360000.0"
"603931","199558384.0"
"603933","207544576.0"
"603936","630398016.0"
"603937","208880848.0"
"603938","382624512.0"
"603939","1212194432.0"
"603948","162489168.0"
"603949","210205280.0"
"603950","324130816.0"
"603955","135720000.0"
"603956","569906304.0"
"603958","219360000.0"
"603959","490299008.0"
"603960","262197904.0"
"603966","358697472.0"
"603967","346666720.0"
"603968","204480000.0"
"603969","842504192.0"
"603970","268800128.0"
"603976","151202080.0"
"603977","621241856.0"
"603978","211094304.0"
"603979","623776192.0"
"603980","676833344.0"
"603982","272355328.0"
"603983","401000000.0"
"603985","440858016.0"
"603986","662987328.0"
"603987","436790880.0"
"603988","235200000.0"
"603989","401130592.0"
"603990","306282720.0"
"603991","74535000.0"
"603992","424751296.0"
"603993","17565771776.0"
"603995","365617184.0"
"603997","1266076288.0"
"603998","439081344.0"
"603999","576000000.0"
"605001","392886016.0"
"605003","110000000.0"
"605005","401000000.0"
"605006","600009280.0"
"605007","401549824.0"
"605008","642380416.0"
"605009","154001344.0"
"605011","400100000.0"
"605016","323086400.0"
"605018","470065792.0"
"605020","379121440.0"
"605028","160000000.0"
"605033","135200000.0"
"605050","492829184.0"
"605055","440000000.0"
"605056","406673248.0"
"605058","142923952.0"
"605060","240592000.0"
"605066","502433120.0"
"605068","162140128.0"
"605069","84161280.0"
"605077","299427744.0"
"605080","141573040.0"
"605081","113247072.0"
"605086","179200000.0"
"605088","177007072.0"
"605089","138000000.0"
"605090","642696448.0"
"605098","119251104.0"
"605099","400089984.0"
"605100","169932000.0"
"605108","260000000.0"
"605111","415332576.0"
"605116","397511232.0"
"605117","645931648.0"
"605118","407116000.0"
"605122","172354000.0"
"605123","121170896.0"
"605128","130487528.0"
"605133","184918512.0"
"605136","400458496.0"
"605138","555562432.0"
"605151","134554224.0"
"605155","189097440.0"
"605158","511420000.0"
"605162","400532736.0"
"605166","314726144.0"
"605167","449070016.0"
"605168","210816992.0"
"605169","282880000.0"
"605177","112583672.0"
"605178","99251600.0"
"605179","401000000.0"
"605180","169000000.0"
"605183","415883136.0"
"605186","136000000.0"
"605188","495580000.0"
"605189","149766336.0"
"605196","510880768.0"
"605198","270536000.0"
"605199","400108736.0"
"605208","329940000.0"
"605218","212833456.0"
"605222","412900864.0"
"605228","426309728.0"
"605255","134080000.0"
"605258","88000000.0"
"605259","172480000.0"
"605266","140724624.0"
"605268","437578752.0"
"605277","313982368.0"
"605286","168000000.0"
"605287","140000000.0"
"605288","70198912.0"
"605289","108337504.0"
"605296","523251168.0"
"605298","184652000.0"
"605299","410929440.0"
"605300","400009984.0"
"605303","161237408.0"
"605305","212520000.0"
"605318","125729024.0"
"605319","213681584.0"
"605333","436776096.0"
"605336","183412448.0"
"605337","394433024.0"
"605338","248000000.0"
"605339","424290624.0"
"605358","671365952.0"
"605365","502012864.0"
"605366","632310656.0"
"605368","669618752.0"
"605369","157578416.0"
"605376","261600000.0"
"605377","463891904.0"
"605378","186676000.0"
"605388","600483968.0"
"605389","136266752.0"
"605398","162716384.0"
"605399","312217344.0"
"605488","198019840.0"
"605499","520012992.0"
"605500","414400000.0"
"605507","301722176.0"
"605555","135698416.0"
"605566","62287972.0"
"605567","200000000.0"
"605577","444444448.0"
"605580","280000000.0"
"605588","73099560.0"
"605589","778560768.0"
"605598","243016848.0"
"605599","777777792.0"
"688001","445377856.0"
"688002","454922784.0"
"688003","193595008.0"
"688004","80088000.0"
"688005","465080416.0"
"688006","603672128.0"
"688007","459291136.0"
"688008","1144789248.0"
"688009","8621018112.0"
"688010","160561584.0"
"688011","100000000.0"
"688012","622363712.0"
"688013","81155600.0"
"688015","188680736.0"
"688016","123262120.0"
"688017","168763872.0"
"688018","112200432.0"
"688019","129213272.0"
"688020","80743000.0"
"688021","76413720.0"
"688022","175878320.0"
"688023","102065544.0"
"688025","95049424.0"
"688026","140273568.0"
"688027","80374368.0"
"688028","143192704.0"
"688029","187847424.0"
"688030","180232656.0"
"688031","93966144.0"
"688032","124073544.0"
"688033","562198592.0"
"688035","88817624.0"
"688036","1140350592.0"
"688037","200966960.0"
"688038","116373400.0"
"688039","111916904.0"
"688041","886557184.0"
"688045","36906188.0"
"688046","203931040.0"
"688047","279644736.0"
"688048","99625440.0"
"688049","112268080.0"
"688050","189544528.0"
"688051","77334000.0"
"688052","93340552.0"
"688053","43273800.0"
"688055","3333333504.0"
"688056","67452464.0"
"688057","276000000.0"
"688058","77730936.0"
"688059","62257112.0"
"688060","60190728.0"
"688061","43297768.0"
"688062","204170000.0"
"688063","245359248.0"
"688065","583378048.0"
"688066","261277408.0"
"688067","68000000.0"
"688068","92474688.0"
"688069","113000000.0"
"688070","87580000.0"
"688071","84789728.0"
"688072","155248592.0"
"688073","43234172.0"
"688075","127082808.0"
"688076","219780096.0"
"688077","114478504.0"
"688078","72893000.0"
"688079","397919008.0"
"688080","73851840.0"
"688081","103040000.0"
"688082","436107520.0"
"688083","121303800.0"
"688084","36849248.0"
"688085","248453536.0"
"688087","186245488.0"
"688088","401170400.0"
"688089","168309120.0"
"688090","93918616.0"
"688091","206703648.0"
"688092","82690656.0"
"688093","262631312.0"
"688095","91439520.0"
"688096","164176800.0"
"688097","443623520.0"
"688098","410644000.0"
"688099","419935648.0"
"688100","491685184.0"
"688101","332012064.0"
"688102","727337920.0"
"688103","95315536.0"
"688105","397734528.0"
"688106","481977376.0"
"688107","400849376.0"
"688108","413456000.0"
"688109","78842304.0"
"688110","442249760.0"
"688111","462212512.0"
"688112","159200016.0"
"688113","64397560.0"
"688114","212932496.0"
"688115","42139500.0"
"688116","344741504.0"
"688117","112418560.0"
"688118","91817616.0"
"688119","571500032.0"
"688120","169972624.0"
"688121","141578672.0"
"688122","649664512.0"
"688123","157718544.0"
"688125","21828080.0"
"688126","2720298496.0"
"688127","403192384.0"
"688128","404500000.0"
"688129","120478800.0"
"688130","30126248.0"
"688131","206180848.0"
"688132","108495720.0"
"688133","164436976.0"
"688135","201208320.0"
"688136","199642256.0"
"688137","32675440.0"
"688138","266800000.0"
"688139","317952512.0"
"688141","263946208.0"
"688143","94522576.0"
"688146","142588496.0"
"688147","97678128.0"
"688148","510173056.0"
"688150","179343296.0"
"688151","102153200.0"
"688152","31058640.0"
"688153","113762104.0"
"688155","125050240.0"
"688156","100714160.0"
"688157","111736488.0"
"688158","402263904.0"
"688159","91679496.0"
"688160","84000000.0"
"688161","400000000.0"
"688162","62520776.0"
"688163","44372000.0"
"688165","521780000.0"
"688166","422469504.0"
"688167","90363344.0"
"688168","76855120.0"
"688169","184723152.0"
"688170","79615000.0"
"688171","51348488.0"
"688172","585251840.0"
"688173","240127120.0"
"688175","73317000.0"
"688176","378280960.0"
"688177","414080000.0"
"688178","84997840.0"
"688179","277385312.0"
"688180","764548992.0"
"688181","134481552.0"
"688182","400000000.0"
"688183","831821184.0"
"688184","100487512.0"
"688185","88830200.0"
"688186","214242240.0"
"688187","279321824.0"
"688188","205455056.0"
"688189","274400000.0"
"688190","120000000.0"
"688191","154133552.0"
"688192","186714752.0"
"688193","31568396.0"
"688195","129350000.0"
"688196","120000000.0"
"688197","64004880.0"
"688198","137395152.0"
"688199","161227248.0"
"688200","135439424.0"
"688201","302530752.0"
"688202","134673088.0"
"688203","117727904.0"
"688205","67854792.0"
"688206","177186592.0"
"688207","188676304.0"
"688208","451878528.0"
"688209","298876384.0"
"688210","107386320.0"
"688211","65008696.0"
"688212","134665248.0"
"688213","323044288.0"
"688215","52052000.0"
"688216","106270000.0"
"688217","55855896.0"
"688218","118601728.0"
"688219","477750336.0"
"688220","360408160.0"
"688221","374578656.0"
"688222","400680000.0"
"688223","10005201920.0"
"688225","209107760.0"
"688226","157647520.0"
"688227","64096780.0"
"688228","67518240.0"
"688229","44400000.0"
"688230","29400000.0"
"688231","126448760.0"
"688232","173480752.0"
"688233","170305728.0"
"688234","300408320.0"
"688235","115055264.0"
"688236","79294664.0"
"688237","44086272.0"
"688238","641145728.0"
"688239","146705888.0"
"688244","49484984.0"
"688246","100952040.0"
"688247","142321600.0"
"688248","228712096.0"
"688249","1176731008.0"
"688251","51693052.0"
"688252","182339488.0"
"688253","68810680.0"
"688255","70102552.0"
"688256","417456768.0"
"688257","132723840.0"
"688258","121142240.0"
"688259","111700000.0"
"688260","120000000.0"
"688261","122531448.0"
"688262","264350640.0"
"688265","49388512.0"
"688266","264708192.0"
"688267","92807160.0"
"688268","120223264.0"
"688269","130704000.0"
"688270","144231696.0"
"688271","593298944.0"
"688272","76000000.0"
"688273","36826792.0"
"688275","84596776.0"
"688276","413657600.0"
"688277","449391936.0"
"688278","406800000.0"
"688279","55858232.0"
"688280","520544160.0"
"688281","121683336.0"
"688282","36520000.0"
"688283","85491568.0"
"688285","376289920.0"
"688286","55991220.0"
"688287","370515584.0"
"688288","100643920.0"
"688289","579388032.0"
"688290","60826232.0"
"688291","33666700.0"
"688292","90020432.0"
"688293","77409312.0"
"688295","144650560.0"
"688296","107393160.0"
"688297","271621952.0"
"688298","201600000.0"
"688299","286833920.0"
"688300","185745536.0"
"688301","143062816.0"
"688302","72724456.0"
"688303","552705728.0"
"688305","101702904.0"
"688306","1228282752.0"
"688307","58149320.0"
"688308","158781712.0"
"688309","80010736.0"
"688310","166219696.0"
"688311","167913552.0"
"688312","144848544.0"
"688313","458802336.0"
"688314","81239168.0"
"688315","416200000.0"
"688316","35944220.0"
"688317","192158000.0"
"688318","182942480.0"
"688319","405409312.0"
"688320","105580704.0"
"688321","407796480.0"
"688322","257064800.0"
"688323","180000224.0"
"688325","38304116.0"
"688326","79589368.0"
"688327","753618624.0"
"688328","94456296.0"
"688329","54145000.0"
"688330","140000000.0"
"688331","161947712.0"
"688332","44021400.0"
"688333","271768192.0"
"688334","153738896.0"
"688335","148034592.0"
"688336","616785792.0"
"688337","65734736.0"
"688338","106142400.0"
"688339","159389520.0"
"688343","257860416.0"
"688345","100000000.0"
"688347","391440000.0"
"688348","80587080.0"
"688349","188285712.0"
"688350","122150096.0"
"688351","124859880.0"
"688352","359881120.0"
"688353","62514392.0"
"688355","123956072.0"
"688356","60650700.0"
"688357","100058480.0"
"688358","112124536.0"
"688359","96579648.0"
"688360","174065216.0"
"688361","244156880.0"
"688362","278577408.0"
"688363","481678240.0"
"688365","425824672.0"
"688366","194051856.0"
"688367","87624600.0"
"688368","87826472.0"
"688369","115218072.0"
"688370","43749116.0"
"688371","126939024.0"
"688372","78692088.0"
"688373","366047136.0"
"688375","265472352.0"
"688376","50985588.0"
"688377","194667008.0"
"688378","201215984.0"
"688379","90085520.0"
"688380","147870000.0"
"688381","183546400.0"
"688382","401297952.0"
"688383","102133600.0"
"688385","537097280.0"
"688386","70000000.0"
"688387","1378749952.0"
"688388","426238656.0"
"688389","428485728.0"
"688390","242586400.0"
"688391","56753904.0"
"688392","69818760.0"
"688393","78704952.0"
"688395","86597720.0"
"688396","1327529344.0"
"688398","167813888.0"
"688399","56670080.0"
"688400","239722416.0"
"688401","115712320.0"
"688403","578970752.0"
"688408","202384672.0"
"688409","177213520.0"
"688410","234553568.0"
"688411","35649424.0"
"688416","47801676.0"
"688418","193610000.0"
"688419","22158092.0"
"688420","34109000.0"
"688425","1477956992.0"
"688426","37993332.0"
"688428","266282960.0"
"688429","117827224.0"
"688432","507565664.0"
"688433","200447024.0"
"688435","46147916.0"
"688439","113917640.0"
"688443","114040088.0"
"688448","47972300.0"
"688449","65097496.0"
"688450","48177236.0"
"688455","129849168.0"
"688456","103660000.0"
"688458","83948544.0"
"688459","175584960.0"
"688466","123119024.0"
"688468","401108000.0"
"688469","4395959808.0"
"688472","1381910400.0"
"688475","409500000.0"
"688478","102025808.0"
"688479","60874224.0"
"688480","63846180.0"
"688484","291064384.0"
"688485","88157976.0"
"688486","56937580.0"
"688488","420782816.0"
"688489","50532972.0"
"688496","237945600.0"
"688498","60149272.0"
"688499","168728512.0"
"688500","74274512.0"
"688501","123071000.0"
"688502","16800000.0"
"688503","180664832.0"
"688505","710572096.0"
"688506","92070424.0"
"688507","48565876.0"
"688508","131310344.0"
"688509","384792192.0"
"688510","258382608.0"
"688511","102829144.0"
"688512","322398272.0"
"688513","176532256.0"
"688515","49819400.0"
"688516","291362432.0"
"688517","136613184.0"
"688518","341325088.0"
"688519","232293648.0"
"688520","445335712.0"
"688521","498989312.0"
"688522","86543688.0"
"688523","85325296.0"
"688525","317304352.0"
"688526","466128064.0"
"688528","168000000.0"
"688529","168175952.0"
"688530","32008966.0"
"688531","73206328.0"
"688533","162847152.0"
"688535","51446548.0"
"688536","132601440.0"
"688538","5752235520.0"
"688539","102860800.0"
"688543","88252832.0"
"688545","68423328.0"
"688548","681313536.0"
"688549","577736000.0"
"688550","172107056.0"
"688551","84070712.0"
"688552","83993352.0"
"688553","309533248.0"
"688556","546769024.0"
"688557","102207984.0"
"688558","132000000.0"
"688559","246604608.0"
"688560","201301920.0"
"688561","685172352.0"
"688562","169020000.0"
"688563","115188992.0"
"688565","149730000.0"
"688566","199430864.0"
"688567","1222103936.0"
"688568","543325952.0"
"688569","210666704.0"
"688570","186010000.0"
"688571","420128512.0"
"688573","51994296.0"
"688575","570267392.0"
"688576","22353134.0"
"688577","79485520.0"
"688578","450000000.0"
"688579","400009984.0"
"688580","95771288.0"
"688581","40748688.0"
"688582","246878000.0"
"688583","12780347.0"
"688584","339788384.0"
"688585","403361728.0"
"688586","791339136.0"
"688588","400010016.0"
"688589","121177344.0"
"688590","262887616.0"
"688591","165293824.0"
"688592","29122352.0"
"688593","319005504.0"
"688595","142425600.0"
"688596","292085824.0"
"688597","247101376.0"
"688598","204157920.0"
"688599","2179365376.0"
"688600","134708496.0"
"688601","133692704.0"
"688602","254977216.0"
"688603","31022308.0"
"688605","38045128.0"
"688606","79280856.0"
"688607","88129024.0"
"688608","120045560.0"
"688609","500000000.0"
"688610","40252568.0"
"688611","109564000.0"
"688612","253926992.0"
"688613","135551584.0"
"688615","20000000.0"
"688616","179378272.0"
"688617","97081952.0"
"688618","110047848.0"
"688619","185438048.0"
"688620","228606816.0"
"688621","112000000.0"
"688622","69997608.0"
"688623","18666056.0"
"688625","135327696.0"
"688626","160000000.0"
"688627","71411568.0"
"688628","111154800.0"
"688629","178325600.0"
"688630","131740720.0"
"688631","61235200.0"
"688633","143763296.0"
"688636","112501616.0"
"688638","25793560.0"
"688639","228349184.0"
"688646","58033360.0"
"688648","66128924.0"
"688651","31510426.0"
"688652","102210000.0"
"688653","310514400.0"
"688655","133390000.0"
"688656","63058328.0"
"688657","40389400.0"
"688658","450000000.0"
"688659","160000000.0"
"688660","1333333376.0"
"688661","116653224.0"
"688662","88240000.0"
"688663","139950000.0"
"688665","100100000.0"
"688667","51812140.0"
"688668","138729648.0"
"688669","121333336.0"
"688670","123200000.0"
"688671","45865624.0"
"688676","457440992.0"
"688677","120614000.0"
"688678","259267776.0"
"688679","131689672.0"
"688680","84020328.0"
"688681","104670000.0"
"688682","72742064.0"
"688683","155177936.0"
"688685","145426672.0"
"688686","122235456.0"
"688687","170944416.0"
"688689","128903168.0"
"688690","403814752.0"
"688691","25500000.0"
"688692","15200000.0"
"688693","37983360.0"
"688695","51269192.0"
"688696","70000000.0"
"688697","326666688.0"
"688698","211375280.0"
"688699","110064640.0"
"688700","298401344.0"
"688701","134277376.0"
"688702","201491776.0"
"688707","508740192.0"
"688708","35710576.0"
"688709","217922256.0"
"688710","28195924.0"
"688711","212884192.0"
"688716","68578552.0"
"688717","67615632.0"
"688718","173754384.0"
"688719","87167576.0"
"688720","55282656.0"
"688721","26700000.0"
"688722","224105200.0"
"688726","33731408.0"
"688728","1448887168.0"
"688729","0.0"
"688733","199775184.0"
"688737","70468552.0"
"688739","188786240.0"
"688750","77420304.0"
"688755","0.0"
"688757","32574732.0"
"688758","39504288.0"
"688766","105609736.0"
"688767","106666664.0"
"688768","81626048.0"
"688772","1127568128.0"
"688775","0.0"
"688776","108383416.0"
"688777","782623488.0"
"688778","420771008.0"
"688779","1929218944.0"
"688786","119833336.0"
"688787","60325180.0"
"688788","105747928.0"
"688789","179451328.0"
"688793","85945416.0"
"688798","135283936.0"
"688799","93800000.0"
"688800","158419872.0"
"688819","972099968.0"
"688981","1988359168.0"
"689009","549769152.0"
"830779","14313201.0"
"830809","320582752.0"
"830832","122520080.0"
"830839","65091376.0"
"830879","112727496.0"
"830896","44401808.0"
"830946","426787104.0"
"830964","132357376.0"
"830974","128772920.0"
"831010","173668096.0"
"831039","153819904.0"
"831087","160624720.0"
"831152","82161224.0"
"831167","28498652.0"
"831175","49945528.0"
"831195","70758984.0"
"831278","97510912.0"
"831304","78828856.0"
"831305","110090256.0"
"831370","267559072.0"
"831396","145118432.0"
"831526","52367488.0"
"831627","46817500.0"
"831641","44657344.0"
"831689","37930616.0"
"831726","55917204.0"
"831768","76571792.0"
"831832","62183220.0"
"831834","62796440.0"
"831855","67074412.0"
"831856","47780996.0"
"831906","33183224.0"
"831961","105438808.0"
"832000","48306300.0"
"832023","240683328.0"
"832089","93500816.0"
"832110","16239000.0"
"832145","44827248.0"
"832149","115410728.0"
"832171","65927008.0"
"832175","60493300.0"
"832225","82782152.0"
"832278","75548000.0"
"832419","93600552.0"
"832469","97949048.0"
"832471","53030608.0"
"832491","114111976.0"
"832522","91626304.0"
"832566","111155632.0"
"832651","15274871.0"
"832662","24580688.0"
"832735","69171488.0"
"832786","109504968.0"
"832802","16998918.0"
"832876","38644712.0"
"832885","88023584.0"
"832978","100166944.0"
"832982","45891080.0"
"833030","55465764.0"
"833075","34878864.0"
"833171","286938464.0"
"833230","35930012.0"
"833266","76990256.0"
"833284","67762312.0"
"833346","44158668.0"
"833394","47953752.0"
"833427","50620164.0"
"833429","113288888.0"
"833454","63179124.0"
"833455","92928456.0"
"833509","82448376.0"
"833523","81039512.0"
"833533","37158008.0"
"833575","187899920.0"
"833580","55903560.0"
"833751","83067128.0"
"833781","92802024.0"
"833873","109180504.0"
"833914","100000000.0"
"833943","41202108.0"
"834014","68534392.0"
"834021","251881968.0"
"834033","82760960.0"
"834058","27557924.0"
"834062","129651256.0"
"834261","170894688.0"
"834407","25926150.0"
"834415","106041632.0"
"834475","42049860.0"
"834599","344579744.0"
"834639","117215880.0"
"834765","43997296.0"
"834770","81893800.0"
"834950","30875000.0"
"835174","86689560.0"
"835179","59260768.0"
"835184","87723736.0"
"835185","1109172992.0"
"835207","56314468.0"
"835237","65071500.0"
"835305","81100872.0"
"835368","223369632.0"
"835438","79425344.0"
"835508","26037500.0"
"835579","44574420.0"
"835640","180565408.0"
"835670","66648420.0"
"835857","115385576.0"
"835892","27898176.0"
"835985","210721856.0"
"836077","316956832.0"
"836149","44695996.0"
"836208","60461064.0"
"836221","41385056.0"
"836239","49710084.0"
"836247","87873200.0"
"836260","98960712.0"
"836263","102593736.0"
"836270","81086320.0"
"836395","86847600.0"
"836414","55275836.0"
"836419","54239776.0"
"836422","66222712.0"
"836433","169355424.0"
"836504","16367703.0"
"836547","35604000.0"
"836675","78548872.0"
"836699","20875300.0"
"836717","41880000.0"
"836720","51134560.0"
"836807","123632760.0"
"836826","62361288.0"
"836871","39580060.0"
"836892","132923696.0"
"836942","41252512.0"
"836957","42704736.0"
"836961","37369400.0"
"837006","34291876.0"
"837023","34266408.0"
"837046","51438736.0"
"837092","31929704.0"
"837174","81333336.0"
"837212","51332128.0"
"837242","36619224.0"
"837344","113560800.0"
"837403","41575952.0"
"837592","38181216.0"
"837663","48710420.0"
"837748","62347576.0"
"837821","50877944.0"
"838030","97727048.0"
"838163","61377436.0"
"838171","52032324.0"
"838227","17623704.0"
"838262","23988776.0"
"838275","74975944.0"
"838402","422060064.0"
"838670","66002900.0"
"838701","71576600.0"
"838810","44576816.0"
"838837","136787792.0"
"838924","61813660.0"
"838971","84352800.0"
"839273","48447400.0"
"839371","58465164.0"
"839493","32435568.0"
"839680","46893344.0"
"839719","73193664.0"
"839725","42077760.0"
"839729","76825040.0"
"839790","54348960.0"
"839792","100358840.0"
"839946","97028592.0"
"870199","37201496.0"
"870204","49986936.0"
"870299","45080484.0"
"870357","44514600.0"
"870436","88868152.0"
"870508","40899548.0"
"870656","20000100.0"
"870726","54919440.0"
"870866","93609736.0"
"870976","42627200.0"
"871245","24355026.0"
"871263","43241144.0"
"871396","42343520.0"
"871478","23000000.0"
"871553","91865216.0"
"871634","32780776.0"
"871642","100706880.0"
"871694","48069568.0"
"871753","31483900.0"
"871857","74007152.0"
"871970","69040896.0"
"871981","37309616.0"
"872190","98675048.0"
"872351","35260440.0"
"872374","33789880.0"
"872392","28073000.0"
"872541","90058688.0"
"872808","194603264.0"
"872895","28736900.0"
"872925","55295052.0"
"872931","28775800.0"
"872953","27263668.0"
"873001","88691024.0"
"873122","34089136.0"
"873132","28123224.0"
"873152","68231240.0"
"873167","41781868.0"
"873169","50811992.0"
"873223","81583752.0"
"873305","36277192.0"
"873339","150897136.0"
"873527","36347988.0"
"873570","22389702.0"
"873576","107129936.0"
"873593","115435912.0"
"873665","38969000.0"
"873679","26130500.0"
"873690","30626400.0"
"873693","36610000.0"
"873703","54475104.0"
"873706","42346872.0"
"873726","23261756.0"
"873806","300736672.0"
"873833","31727334.0"
"920002","5750000.0"
"920008","31334308.0"
"920016","26359120.0"
"920019","43066700.0"
"920027","0.0"
"920029","31793334.0"
"920037","0.0"
"920060","60850748.0"
"920066","12031608.0"
"920082","32432416.0"
"920088","19950000.0"
"920098","43537728.0"
"920099","36184432.0"
"920106","12105745.0"
"920108","23287750.0"
"920111","36888500.0"
"920116","26125000.0"
"920118","21964000.0"
"920128","20700000.0"
"920167","65274436.0"
"920445","105262792.0"
"920489","85693752.0"
"920682","103913032.0"
"920799","117784568.0"
"920819","1201580032.0"
